raceId,driverId,stop,lap,time,duration,milliseconds,constructorId,grid,position,fastestLapTime,fastestLapSpeed,FastestLapSeconds,FastestLapMilliseconds,engineType
1051,1,2,42,18:05:37,25.381,25381,131,1,1,01:25.1,227.633,85.1,85100,1
1052,1,1,13,18:30:29,24.839,24839,131,2,1,01:34.0,207.235,94,94000,1
1052,1,2,28,18:54:40,24.076,24076,131,2,1,01:34.0,207.235,94,94000,1
1053,1,1,28,15:49:27,32.112,32112,131,1,2,01:16.7,230.403,76.7,76700,1
1053,1,2,31,15:55:30,38.198,38198,131,1,2,01:16.7,230.403,76.7,76700,1
1053,1,3,32,15:58:17,24:54.7,1494731,131,1,2,01:16.7,230.403,76.7,76700,1
1053,1,4,33,16:24:48,01:05.9,65870,131,1,2,01:16.7,230.403,76.7,76700,1
1054,1,1,2,15:06:13,22.426,22426,131,2,1,01:20.9,206.971,80.9,80900,1
1054,1,2,3,15:08:36,22.164,22164,131,2,1,01:20.9,206.971,80.9,80900,1
1054,1,3,37,15:57:46,26.907,26907,131,2,1,01:20.9,206.971,80.9,80900,1
1055,1,1,28,15:44:07,22.22,22220,131,1,1,01:20.7,208.64,80.7,80700,1
1055,1,2,42,16:03:32,22.078,22078,131,1,1,01:20.7,208.64,80.7,80700,1
1056,1,1,29,15:40:07,23.783,23783,131,7,7,01:12.9,164.769,72.9,72900,1
1056,1,2,67,16:28:48,24.244,24244,131,7,7,01:12.9,164.769,72.9,72900,1
1057,1,1,11,16:23:50,22.47,22470,131,2,15,01:44.8,206.27,104.8,104800,1
1057,1,2,47,17:33:39,15.432,15432,131,2,15,01:44.8,206.27,104.8,104800,1
1057,1,3,48,17:36:47,33:20.9,2000923,131,2,15,01:44.8,206.27,104.8,104800,1
1058,1,1,28,15:35:48,21.219,21219,131,2,2,01:07.1,231.811,67.1,67100,1
1058,1,2,69,16:23:22,21.64,21640,131,2,2,01:07.1,231.811,67.1,67100,1
1059,1,1,19,15:34:46,30.263,30263,131,2,2,01:37.4,215.903,97.4,97400,1
1060,1,1,31,15:40:45,21.005,21005,131,4,4,01:08.1,228.177,68.1,68100,1
1060,1,2,53,16:06:32,21.421,21421,131,4,4,01:08.1,228.177,68.1,68100,1
1061,1,1,2,15:08:00,34:08.4,2048376,131,2,1,01:29.7,236.43,89.7,89700,1
1061,1,2,27,16:23:17,40.266,40266,131,2,1,01:29.7,236.43,89.7,89700,1
1062,1,1,2,15:07:57,24:09.3,1449259,131,1,2,01:18.7,200.363,78.7,78700,1
1062,1,2,4,15:36:34,21.731,21731,131,1,2,01:18.7,200.363,78.7,78700,1
1062,1,3,19,15:58:08,21.516,21516,131,1,2,01:18.7,200.363,78.7,78700,1
1062,1,4,47,16:36:41,21.208,21208,131,1,2,01:18.7,200.363,78.7,78700,1
1064,1,1,20,15:28:18,19.77,19770,131,2,2,01:11.1,215.654,71.1,71100,1
1064,1,2,39,15:52:19,18.868,18868,131,2,2,01:11.1,215.654,71.1,71100,1
1064,1,3,70,16:30:49,19.202,19202,131,2,2,01:11.1,215.654,71.1,71100,1
1065,1,1,25,15:39:44,25.619,25619,131,4,0,01:25.9,242.864,85.9,85900,1
1066,1,1,26,15:47:52,29.878,29878,131,4,1,01:37.6,215.76,97.6,97600,1
1066,1,2,49,16:26:32,30.045,30045,131,4,1,01:37.6,215.76,97.6,97600,1
1067,1,1,50,16:22:19,22.684,22684,131,11,5,01:32.8,207.16,92.8,92800,1
1069,1,1,13,14:25:41,24.481,24481,131,2,2,01:38.5,201.521,98.5,98500,1
1069,1,2,37,15:06:30,23.676,23676,131,2,2,01:38.5,201.521,98.5,98500,1
1070,1,1,29,13:45:17,22.373,22373,131,2,2,01:19.8,194.116,79.8,79800,1
1071,1,1,7,14:12:37,17.91,17910,131,10,1,01:12.0,215.503,72,72000,1
1071,1,2,8,14:14:49,18.66,18660,131,10,1,01:12.0,215.503,72,72000,1
1071,1,3,26,14:39:27,22.69,22690,131,10,1,01:12.0,215.503,72,72000,1
1071,1,4,43,15:00:52,22.664,22664,131,10,1,01:12.0,215.503,72,72000,1
1072,1,1,10,20:49:49,20.58,20580,131,1,1,01:30.7,244.962,90.7,90700,1
1072,1,2,13,20:58:32,16:35.9,995856,131,1,1,01:30.7,244.962,90.7,90700,1
1072,1,3,15,21:22:02,18:06.7,1086674,131,1,1,01:30.7,244.962,90.7,90700,1
1073,1,1,14,17:24:04,21.595,21595,131,2,2,01:26.6,219.495,86.6,86600,1
1051,4,1,23,17:38:20,25.991,25991,214,3,3,01:26.7,223.437,86.7,86700,3
1052,4,1,11,18:27:32,24.373,24373,214,9,0,01:36.1,202.816,96.1,96100,3
1052,4,2,29,18:57:13,24.775,24775,214,9,0,01:36.1,202.816,96.1,96100,3
1053,4,1,28,15:51:18,30.864,30864,214,15,10,01:19.4,222.526,79.4,79400,3
1053,4,2,32,15:58:37,24:48.4,1488372,214,15,10,01:19.4,222.526,79.4,79400,3
1053,4,3,33,16:25:04,57.601,57601,214,15,10,01:19.4,222.526,79.4,79400,3
1054,4,1,2,15:06:34,21.452,21452,214,13,8,01:21.0,206.718,81,81000,3
1054,4,2,3,15:08:53,21.621,21621,214,13,8,01:21.0,206.718,81,81000,3
1054,4,3,40,16:02:37,26.442,26442,214,13,8,01:21.0,206.718,81,81000,3
1055,4,1,21,15:34:51,22.043,22043,214,10,17,01:21.2,207.311,81.2,81200,3
1055,4,2,61,16:31:41,23.479,23479,214,10,17,01:21.2,207.311,81.2,81200,3
1056,4,1,45,16:01:34,23.803,23803,214,17,13,01:15.0,160.12,75,75000,3
1057,4,1,7,16:16:54,20.168,20168,214,8,6,01:45.6,204.601,105.6,105600,3
1057,4,2,34,17:09:13,19.983,19983,214,8,6,01:45.6,204.601,105.6,105600,3
1057,4,3,47,17:34:03,15.432,15432,214,8,6,01:45.6,204.601,105.6,105600,3
1057,4,4,48,17:37:04,33:34.5,2014526,214,8,6,01:45.6,204.601,105.6,105600,3
1058,4,1,27,15:35:25,21.131,21131,214,8,9,01:09.7,222.867,69.7,69700,3
1059,4,1,18,15:33:49,31.288,31288,214,9,8,01:37.6,215.382,97.6,97600,3
1060,4,1,32,15:42:41,22.663,22663,214,14,10,01:08.4,227.246,68.4,68400,3
1061,4,1,2,15:08:10,34:18.6,2058580,214,7,7,01:31.7,231.276,91.7,91700,3
1061,4,2,24,16:19:10,29.743,29743,214,7,7,01:31.7,231.276,91.7,91700,3
1062,4,1,2,15:08:13,24:15.0,1454979,214,9,4,01:20.4,196.264,80.4,80400,3
1062,4,2,3,15:34:40,37.122,37122,214,9,4,01:20.4,196.264,80.4,80400,3
1062,4,3,39,16:25:35,21.523,21523,214,9,4,01:20.4,196.264,80.4,80400,3
1064,4,1,33,15:45:41,19.018,19018,214,9,6,01:14.3,206.294,74.3,74300,3
1065,4,1,25,15:40:14,24.797,24797,214,9,6,01:14.3,206.294,74.3,74300,3
1066,4,1,36,16:04:40,30.157,30157,214,6,6,01:38.7,213.331,98.7,98700,3
1066,4,2,50,16:29:34,30.702,30702,214,6,6,01:38.7,213.331,98.7,98700,3
1067,4,1,30,15:51:43,29.116,29116,214,5,16,01:33.3,206.073,93.3,93300,3
1069,4,1,7,14:16:03,23.576,23576,214,19,0,01:40.1,198.335,100.1,100100,3
1069,4,2,28,14:52:44,23.844,23844,214,19,0,01:40.1,198.335,100.1,100100,3
1069,4,3,39,15:11:40,23.314,23314,214,19,0,01:40.1,198.335,100.1,100100,3
1070,4,1,39,13:59:43,23.985,23985,214,12,9,01:20.7,191.973,80.7,80700,3
1071,4,1,7,14:12:52,17.751,17751,214,12,9,01:13.9,209.848,73.9,73900,3
1071,4,2,8,14:15:04,17.705,17705,214,12,9,01:13.9,209.848,73.9,73900,3
1071,4,3,34,14:50:16,24.375,24375,214,12,9,01:13.9,209.848,73.9,73900,3
1072,4,1,10,20:50:27,20.405,20405,214,13,13,01:31.6,242.558,91.6,91600,3
1072,4,2,13,20:59:01,16:59.9,1019850,214,13,13,01:31.6,242.558,91.6,91600,3
1072,4,3,15,21:22:31,18:21.8,1101826,214,13,13,01:31.6,242.558,91.6,91600,3
1072,4,4,44,22:32:14,21.097,21097,214,13,13,01:31.6,242.558,91.6,91600,3
1073,4,1,36,17:58:06,21.304,21304,214,11,8,01:27.6,217.01,87.6,87600,3
1051,8,1,10,17:19:14,26.174,26174,51,16,14,01:26.4,224.275,86.4,86400,2
1051,8,2,30,17:49:40,25.633,25633,51,16,14,01:26.4,224.275,86.4,86400,2
1052,8,1,13,18:30:52,24.107,24107,51,14,11,01:35.2,204.672,95.2,95200,2
1052,8,2,29,18:57:06,24.046,24046,51,14,11,01:35.2,204.672,95.2,95200,2
1053,8,1,26,15:47:55,30.28,30280,51,16,13,01:18.4,225.548,78.4,78400,2
1053,8,2,32,15:58:16,24:52.6,1492612,51,16,13,01:18.4,225.548,78.4,78400,2
1053,8,3,33,16:24:42,01:02.9,62892,51,16,13,01:18.4,225.548,78.4,78400,2
1055,8,1,37,15:57:41,21.572,21572,51,17,12,01:22.9,203.094,82.9,82900,2
1056,8,1,43,15:58:41,24.077,24077,51,14,11,01:15.0,160.237,75,75000,2
1057,8,1,13,16:27:59,20.048,20048,51,14,10,01:45.6,204.645,105.6,105600,2
1057,8,2,47,17:34:05,15.064,15064,51,14,10,01:45.6,204.645,105.6,105600,2
1057,8,3,48,17:37:06,33:36.4,2016437,51,14,10,01:45.6,204.645,105.6,105600,2
1058,8,1,36,15:46:10,21.227,21227,51,18,11,01:09.1,224.869,69.1,69100,2
1059,8,1,33,15:59:18,31.327,31327,51,17,17,01:38.0,214.621,98,98000,2
1060,8,1,37,15:48:30,21.896,21896,51,16,15,01:08.9,225.699,68.9,68900,2
1061,8,1,2,15:08:14,34:23.0,2062984,51,13,15,01:31.9,230.78,91.9,91900,2
1061,8,2,18,16:09:59,28.11,28110,51,13,15,01:31.9,230.78,91.9,91900,2
1062,8,1,2,15:08:20,24:17.8,1457844,51,13,10,01:21.5,193.473,81.5,81500,2
1062,8,2,3,15:34:41,35.451,35451,51,13,10,01:21.5,193.473,81.5,81500,2
1062,8,3,15,15:52:26,36.457,36457,51,13,10,01:21.5,193.473,81.5,81500,2
1062,8,4,53,16:45:57,21.172,21172,51,13,10,01:21.5,193.473,81.5,81500,2
1066,8,1,15,15:29:28,30.102,30102,51,13,8,01:40.3,209.921,100.3,100300,2
1066,8,2,47,16:23:59,30.131,30131,51,13,8,01:40.3,209.921,100.3,100300,2
1067,8,1,37,16:02:50,23.164,23164,51,17,12,01:32.6,207.556,92.6,92600,2
1069,8,1,12,14:24:38,24.191,24191,51,15,13,01:41.3,195.843,101.3,101300,2
1069,8,2,31,14:57:43,24.09,24090,51,15,13,01:41.3,195.843,101.3,101300,2
1070,8,1,32,13:50:02,22.424,22424,51,10,8,01:20.7,191.969,80.7,80700,2
1071,8,1,7,14:13:01,18.327,18327,51,0,12,01:12.6,213.607,72.6,72600,2
1071,8,2,8,14:15:15,18.763,18763,51,0,12,01:12.6,213.607,72.6,72600,2
1071,8,3,28,14:42:38,23.541,23541,51,0,12,01:12.6,213.607,72.6,72600,2
1071,8,4,52,15:13:19,22.666,22666,51,0,12,01:12.6,213.607,72.6,72600,2
1072,8,1,13,20:58:54,16:48.6,1008569,51,12,15,01:32.8,239.565,92.8,92800,2
1072,8,2,15,21:22:24,18:19.3,1099282,51,12,15,01:32.8,239.565,92.8,92800,2
1072,8,3,26,22:01:34,34.489,34489,51,12,15,01:32.8,239.565,92.8,92800,2
1073,8,1,21,17:35:29,22.338,22338,51,18,0,01:29.7,211.951,89.7,89700,2
1064,9,1,40,15:55:29,19.708,19708,51,16,15,01:15.4,203.234,75.4,75400,2
1065,9,1,26,15:42:21,24.501,24501,51,17,14,01:25.8,242.924,85.8,85800,2
1051,20,1,26,17:43:20,25.726,25726,117,10,10,01:26.4,224.078,86.4,86400,1
1052,20,1,24,18:49:08,24.626,24626,117,20,15,01:35.6,203.871,95.6,95600,1
1053,20,1,3,15:10:09,32.024,32024,117,0,15,01:19.1,223.491,79.1,79100,1
1053,20,2,20,15:39:11,31.184,31184,117,0,15,01:19.1,223.491,79.1,79100,1
1053,20,3,22,15:42:52,39.502,39502,117,0,15,01:19.1,223.491,79.1,79100,1
1053,20,4,32,15:59:21,24:12.3,1452323,117,0,15,01:19.1,223.491,79.1,79100,1
1053,20,5,33,16:25:15,52.043,52043,117,0,15,01:19.1,223.491,79.1,79100,1
1054,20,1,2,15:06:26,21.398,21398,117,10,13,01:22.4,203.246,82.4,82400,1
1054,20,2,3,15:08:48,21.75,21750,117,10,13,01:22.4,203.246,82.4,82400,1
1054,20,3,22,15:37:40,26.62,26620,117,10,13,01:22.4,203.246,82.4,82400,1
1055,20,1,21,15:34:52,23.087,23087,117,13,13,01:22.8,203.211,82.8,82800,1
1055,20,2,38,15:59:08,21.973,21973,117,13,13,01:22.8,203.211,82.8,82800,1
1056,20,1,31,15:42:42,24.369,24369,117,8,5,01:15.3,159.503,75.3,75300,1
1057,20,1,18,16:36:33,19.841,19841,117,11,2,01:44.9,206.032,104.9,104900,1
1057,20,2,47,17:33:42,14.945,14945,117,11,2,01:44.9,206.032,104.9,104900,1
1057,20,3,48,17:36:49,33:20.4,2000416,117,11,2,01:44.9,206.032,104.9,104900,1
1058,20,1,27,15:35:28,21.546,21546,117,14,12,01:09.8,222.637,69.8,69800,1
1059,20,1,37,16:05:29,31.069,31069,117,12,9,01:37.1,216.508,97.1,97100,1
1060,20,1,17,15:24:54,21.086,21086,117,11,17,01:08.4,227.196,68.4,68400,1
1060,20,2,49,16:02:39,20.841,20841,117,11,17,01:08.4,227.196,68.4,68400,1
1061,20,1,2,15:08:08,34:15.2,2055222,117,8,0,01:33.1,227.894,93.1,93100,1
1061,20,2,18,16:10:08,28.145,28145,117,8,0,01:33.1,227.894,93.1,93100,1
1062,20,1,2,15:08:02,24:11.9,1451890,117,10,0,01:21.5,193.613,81.5,81500,1
1062,20,2,3,15:34:31,40.882,40882,117,10,0,01:21.5,193.613,81.5,81500,1
1062,20,3,36,16:21:14,22.703,22703,117,10,0,01:21.5,193.613,81.5,81500,1
1064,20,1,10,15:16:24,18.664,18664,117,15,13,01:14.0,207.312,74,74000,1
1064,20,2,44,16:00:37,18.681,18681,117,15,13,01:14.0,207.312,74,74000,1
1065,20,1,22,15:35:56,25.157,25157,117,11,12,01:25.9,242.672,85.9,85900,1
1065,20,2,26,15:42:41,25.927,25927,117,11,12,01:25.9,242.672,85.9,85900,1
1066,20,1,26,15:48:09,29.242,29242,117,10,12,01:39.3,212.116,99.3,99300,1
1066,20,2,50,16:30:10,32.128,32128,117,10,12,01:39.3,212.116,99.3,99300,1
1067,20,1,36,16:00:56,23.5,23500,117,10,18,01:32.7,207.233,92.7,92700,1
1067,20,2,37,16:03:36,23.514,23514,117,10,18,01:32.7,207.233,92.7,92700,1
1069,20,1,17,14:33:24,24.977,24977,117,18,10,01:40.5,197.517,100.5,100500,1
1069,20,2,38,15:09:49,23.849,23849,117,18,10,01:40.5,197.517,100.5,100500,1
1070,20,1,33,13:51:22,22.277,22277,117,9,7,01:20.5,192.572,80.5,80500,1
1071,20,1,7,14:12:43,18.107,18107,117,9,11,01:13.6,210.668,73.6,73600,1
1071,20,2,8,14:14:57,17.896,17896,117,9,11,01:13.6,210.668,73.6,73600,1
1071,20,3,28,14:42:22,24.464,24464,117,9,11,01:13.6,210.668,73.6,73600,1
1071,20,4,55,15:16:50,22.978,22978,117,9,11,01:13.6,210.668,73.6,73600,1
1072,20,1,13,20:58:56,16:52.3,1012304,117,17,0,01:34.0,236.375,94,94000,1
1072,20,2,15,21:22:20,18:18.7,1098749,117,17,0,01:34.0,236.375,94,94000,1
1073,20,1,23,17:38:23,21.221,21221,117,15,11,01:28.3,215.299,88.3,88300,1
1051,815,1,19,17:32:28,25.419,25419,9,11,4,01:25.6,226.227,85.6,85600,0
1051,815,2,41,18:05:15,25.42,25420,9,11,4,01:25.6,226.227,85.6,85600,0
1052,815,1,2,18:11:56,23.993,23993,9,0,5,01:34.0,207.334,94,94000,0
1052,815,2,19,18:40:35,24.105,24105,9,0,5,01:34.0,207.334,94,94000,0
1052,815,3,38,19:11:20,24.191,24191,9,0,5,01:34.0,207.334,94,94000,0
1053,815,1,28,15:49:58,44.608,44608,9,2,11,01:19.4,222.585,79.4,79400,0
1053,815,2,33,15:59:11,26:21.2,1581158,9,2,11,01:19.4,222.585,79.4,79400,0
1054,815,1,2,15:06:18,21.89,21890,9,4,4,01:20.6,207.715,80.6,80600,0
1054,815,2,3,15:08:39,22.1,22100,9,4,4,01:20.6,207.715,80.6,80600,0
1054,815,3,51,16:17:18,26.607,26607,9,4,4,01:20.6,207.715,80.6,80600,0
1055,815,1,27,15:43:06,22.382,22382,9,8,5,01:19.5,211.743,79.5,79500,0
1055,815,2,57,16:24:55,21.345,21345,9,8,5,01:19.5,211.743,79.5,79500,0
1056,815,1,35,15:47:44,24.548,24548,9,9,4,01:14.6,161.138,74.6,74600,0
1057,815,1,13,16:27:25,21.874,21874,9,6,1,01:44.7,206.432,104.7,104700,0
1057,815,2,47,17:33:39,15.277,15277,9,6,1,01:44.7,206.432,104.7,104700,0
1057,815,3,48,17:36:45,33:18.5,1998466,9,6,1,01:44.7,206.432,104.7,104700,0
1058,815,1,26,15:33:46,23.477,23477,9,4,4,01:07.9,228.956,67.9,67900,0
1058,815,2,54,16:06:26,20.961,20961,9,4,4,01:07.9,228.956,67.9,67900,0
1059,815,1,24,15:43:14,29.682,29682,9,4,3,01:36.7,217.504,96.7,96700,0
1060,815,1,32,15:42:28,21.735,21735,9,3,6,01:08.2,227.956,68.2,68200,0
1061,815,1,2,15:08:37,34:36.4,2076405,9,0,16,01:28.6,239.317,88.6,88600,0
1061,815,2,18,16:10:00,27.892,27892,9,0,16,01:28.6,239.317,88.6,88600,0
1061,815,3,38,16:41:17,27.848,27848,9,0,16,01:28.6,239.317,88.6,88600,0
1061,815,4,48,16:56:54,29.082,29082,9,0,16,01:28.6,239.317,88.6,88600,0
1064,815,1,8,15:13:52,19.287,19287,9,0,8,01:13.5,208.714,73.5,73500,0
1064,815,2,47,16:03:51,18.555,18555,9,0,8,01:13.5,208.714,73.5,73500,0
1065,815,1,26,15:41:34,23.906,23906,9,8,5,01:25.2,244.901,85.2,85200,0
1066,815,1,36,16:04:32,36.026,36026,9,8,9,01:39.2,212.193,99.2,99200,0
1066,815,2,50,16:29:36,32.313,32313,9,8,9,01:39.2,212.193,99.2,99200,0
1067,815,1,37,16:01:47,22.463,22463,9,6,3,01:32.5,207.841,92.5,92500,0
1069,815,1,12,14:24:06,25.018,25018,9,3,3,01:39.6,199.333,99.6,99600,0
1069,815,2,30,14:55:02,23.604,23604,9,3,3,01:39.6,199.333,99.6,99600,0
1070,815,1,40,14:00:14,22.114,22114,9,4,3,01:19.5,194.976,79.5,79500,0
1071,815,1,7,14:12:34,18.308,18308,9,4,4,01:11.0,218.453,71,71000,0
1071,815,2,8,14:14:48,18.136,18136,9,4,4,01:11.0,218.453,71,71000,0
1071,815,3,28,14:42:01,23.165,23165,9,4,4,01:11.0,218.453,71,71000,0
1071,815,4,42,14:59:48,22.656,22656,9,4,4,01:11.0,218.453,71,71000,0
1071,815,5,69,15:33:06,22.916,22916,9,4,4,01:11.0,218.453,71,71000,0
1072,815,1,10,20:50:04,20.71,20710,9,5,0,01:34.1,236.104,94.1,94100,0
1072,815,2,13,20:58:46,16:42.6,1002619,9,5,0,01:34.1,236.104,94.1,94100,0
1073,815,1,21,17:34:55,21.471,21471,9,4,15,01:26.4,219.993,86.4,86400,0
1073,815,2,36,17:57:40,21.413,21413,9,4,15,01:26.4,219.993,86.4,86400,0
1073,815,3,53,18:23:09,21.385,21385,9,4,15,01:26.4,219.993,86.4,86400,0
1051,817,1,26,17:43:19,25.562,25562,1,14,12,01:27.2,222.115,87.2,87200,1
1052,817,1,13,18:30:45,24.688,24688,1,6,7,01:34.9,205.233,94.9,94900,1
1052,817,2,32,19:01:44,24.655,24655,1,6,7,01:34.9,205.233,94.9,94900,1
1053,817,1,27,15:48:57,34.34,34340,1,6,6,01:19.3,222.739,79.3,79300,1
1053,817,2,33,15:59:25,26:14.8,1574827,1,6,6,01:19.3,222.739,79.3,79300,1
1054,817,1,2,15:06:31,21.965,21965,1,16,9,01:22.0,204.31,82,82000,1
1054,817,2,3,15:08:51,22.355,22355,1,16,9,01:22.0,204.31,82,82000,1
1054,817,3,41,16:03:56,28.639,28639,1,16,9,01:22.0,204.31,82,82000,1
1055,817,1,25,15:40:16,22.406,22406,1,7,6,01:21.9,205.612,81.9,81900,1
1055,817,2,46,16:09:49,21.762,21762,1,7,6,01:21.9,205.612,81.9,81900,1
1056,817,1,36,15:49:52,24.715,24715,1,12,12,01:14.6,161.082,74.6,74600,1
1057,817,1,11,16:24:12,20.082,20082,1,13,9,01:45.7,204.428,105.7,105700,1
1057,817,2,47,17:34:01,14.994,14994,1,13,9,01:45.7,204.428,105.7,105700,1
1057,817,3,48,17:37:00,33:35.2,2015163,1,13,9,01:45.7,204.428,105.7,105700,1
1058,817,1,41,15:52:04,21.41,21410,1,13,13,01:09.3,224.295,69.3,69300,1
1059,817,1,16,15:30:21,29.951,29951,1,10,6,01:38.3,213.896,98.3,98300,1
1060,817,1,29,15:38:55,21.151,21151,1,13,7,01:08.8,225.876,68.8,68800,1
1061,817,1,2,15:08:05,34:11.3,2051281,1,6,5,01:31.3,232.325,91.3,91300,1
1061,817,2,20,16:12:48,28.817,28817,1,6,5,01:31.3,232.325,91.3,91300,1
1062,817,1,2,15:08:28,24:17.1,1457127,1,11,11,01:22.8,190.473,82.8,82800,1
1062,817,2,3,15:34:43,34.492,34492,1,11,11,01:22.8,190.473,82.8,82800,1
1062,817,3,20,15:59:29,21.623,21623,1,11,11,01:22.8,190.473,82.8,82800,1
1064,817,1,30,15:42:01,19.449,19449,1,10,11,01:14.9,204.65,74.9,74900,1
1065,817,1,22,15:35:18,23.812,23812,1,2,1,01:24.8,245.894,84.8,84800,1
1066,817,1,22,15:41:11,33.617,33617,1,5,4,01:39.1,212.388,99.1,99100,1
1066,817,2,48,16:25:35,31.016,31016,1,5,4,01:39.1,212.388,99.1,99100,1
1067,817,1,21,15:37:18,23.028,23028,1,20,13,01:33.3,206.067,93.3,93300,1
1069,817,1,11,14:22:38,24.176,24176,1,6,5,01:40.3,197.785,100.3,100300,1
1069,817,2,30,14:55:23,24.036,24036,1,6,5,01:40.3,197.785,100.3,100300,1
1070,817,1,1,13:05:11,38.128,38128,1,7,12,01:21.1,191.126,81.1,81100,1
1070,817,2,38,13:58:47,22.813,22813,1,7,12,01:21.1,191.126,81.1,81100,1
1071,817,1,7,14:12:47,19.732,19732,1,11,0,01:14.4,208.379,74.4,74400,1
1071,817,2,8,14:15:01,18.347,18347,1,11,0,01:14.4,208.379,74.4,74400,1
1071,817,3,30,14:44:58,22.839,22839,1,11,0,01:14.4,208.379,74.4,74400,1
1072,817,1,13,20:58:41,16:37.0,997029,1,11,5,01:32.7,239.725,92.7,92700,1
1072,817,2,15,21:22:05,18:07.3,1087296,1,11,5,01:32.7,239.725,92.7,92700,1
1073,817,1,18,17:30:47,21.449,21449,1,10,12,01:28.7,214.28,88.7,88700,1
1073,817,2,52,18:22:38,22.056,22056,1,10,12,01:28.7,214.28,88.7,88700,1
1051,822,1,33,17:53:44,36.341,36341,131,6,0,01:27.2,221.992,87.2,87200,1
1052,822,1,16,18:35:24,24.262,24262,131,3,3,01:32.1,211.566,92.1,92100,1
1052,822,2,30,18:57:58,32.897,32897,131,3,3,01:32.1,211.566,92.1,92100,1
1052,822,3,54,19:36:21,24.566,24566,131,3,3,01:32.1,211.566,92.1,92100,1
1053,822,1,28,15:50:46,30.167,30167,131,8,0,01:28.5,199.721,88.5,88500,1
1054,822,1,2,15:06:11,21.377,21377,131,1,3,01:19.9,209.738,79.9,79900,1
1054,822,2,3,15:08:34,22.072,22072,131,1,3,01:19.9,209.738,79.9,79900,1
1054,822,3,36,15:56:27,26.938,26938,131,1,3,01:19.9,209.738,79.9,79900,1
1054,822,4,63,16:33:39,26.573,26573,131,1,3,01:19.9,209.738,79.9,79900,1
1055,822,1,23,15:37:18,22.311,22311,131,3,3,01:19.4,211.884,79.4,79400,1
1055,822,2,53,16:18:52,21.638,21638,131,3,3,01:19.4,211.884,79.4,79400,1
1057,822,1,11,16:24:08,20.356,20356,131,10,12,01:45.7,204.521,105.7,105700,1
1057,822,2,47,17:34:08,21.346,21346,131,10,12,01:45.7,204.521,105.7,105700,1
1057,822,3,48,17:37:13,33:55.2,2035229,131,10,12,01:45.7,204.521,105.7,105700,1
1058,822,1,27,15:34:56,21.752,21752,131,5,3,01:08.6,226.537,68.6,68600,1
1059,822,1,17,15:31:34,30.572,30572,131,3,4,01:37.0,216.905,97,97000,1
1060,822,1,30,15:39:41,21.071,21071,131,5,2,01:08.4,227.349,68.4,68400,1
1061,822,1,2,15:08:02,34:09.1,2049149,131,3,3,01:30.5,234.275,90.5,90500,1
1061,822,2,22,16:15:42,28.209,28209,131,3,3,01:30.5,234.275,90.5,90500,1
1064,822,1,31,15:42:24,18.873,18873,131,3,3,01:12.5,211.338,72.5,72500,1
1064,822,2,67,16:27:35,21.73,21730,131,3,3,01:12.5,211.338,72.5,72500,1
1065,822,1,26,15:41:50,24.308,24308,131,19,3,01:24.8,245.85,84.8,84800,1
1066,822,1,28,15:51:35,29.936,29936,131,16,5,01:38.2,214.352,98.2,98200,1
1066,822,2,47,16:23:58,29.569,29569,131,16,5,01:38.2,214.352,98.2,98200,1
1067,822,1,37,16:01:20,22.962,22962,131,1,1,01:30.4,212.5,90.4,90400,1
1069,822,1,15,14:29:44,24.444,24444,131,9,6,01:40.1,198.176,100.1,100100,1
1069,822,2,34,15:02:17,23.619,23619,131,9,6,01:40.1,198.176,100.1,100100,1
1070,822,1,1,13:05:16,22.463,22463,131,1,15,01:17.8,199.223,77.8,77800,1
1070,822,2,40,14:01:30,31.664,31664,131,1,15,01:17.8,199.223,77.8,77800,1
1070,822,3,63,14:33:17,22.68,22680,131,1,15,01:17.8,199.223,77.8,77800,1
1070,822,4,67,14:39:06,26.443,26443,131,1,15,01:17.8,199.223,77.8,77800,1
1071,822,1,7,14:12:38,17.899,17899,131,1,3,01:12.5,213.887,72.5,72500,1
1071,822,2,8,14:14:50,17.837,17837,131,1,3,01:12.5,213.887,72.5,72500,1
1071,822,3,30,14:44:40,23.263,23263,131,1,3,01:12.5,213.887,72.5,72500,1
1071,822,4,41,14:58:30,22.856,22856,131,1,3,01:12.5,213.887,72.5,72500,1
1072,822,1,10,20:49:57,21.668,21668,131,2,3,01:31.4,243.155,91.4,91400,1
1072,822,2,13,20:58:35,16:35.9,995942,131,2,3,01:31.4,243.155,91.4,91400,1
1072,822,3,15,21:22:07,18:09.5,1089473,131,2,3,01:31.4,243.155,91.4,91400,1
1073,822,1,30,17:48:30,21.669,21669,131,6,6,01:26.9,218.871,86.9,86900,1
1051,830,1,17,17:29:03,25.3,25300,9,7,2,01:23.2,232.799,83.2,83200,0
1051,830,2,41,18:04:20,25.175,25175,9,7,2,01:23.2,232.799,83.2,83200,0
1051,830,3,55,18:24:59,25.465,25465,9,7,2,01:23.2,232.799,83.2,83200,0
1052,830,1,17,18:36:54,24.767,24767,9,1,2,01:33.2,208.984,93.2,93200,0
1052,830,2,39,19:12:13,23.848,23848,9,1,2,01:33.2,208.984,93.2,93200,0
1053,830,1,27,15:47:59,29.809,29809,9,3,1,01:17.5,227.96,77.5,77500,0
1053,830,2,33,15:58:11,27:01.4,1621361,9,3,1,01:17.5,227.96,77.5,77500,0
1054,830,1,2,15:06:14,22.718,22718,9,3,2,01:20.7,207.581,80.7,80700,0
1054,830,2,3,15:08:37,22.104,22104,9,3,2,01:20.7,207.581,80.7,80700,0
1054,830,3,35,15:55:06,26.743,26743,9,3,2,01:20.7,207.581,80.7,80700,0
1054,830,4,64,16:34:55,26.319,26319,9,3,2,01:20.7,207.581,80.7,80700,0
1055,830,1,24,15:38:32,23.565,23565,9,2,2,01:18.1,215.357,78.1,78100,0
1055,830,2,60,16:28:18,21.592,21592,9,2,2,01:18.1,215.357,78.1,78100,0
1056,830,1,34,15:46:10,23.746,23746,9,2,1,01:14.6,160.929,74.6,74600,0
1057,830,1,12,16:25:37,19.769,19769,9,3,0,01:44.5,206.839,104.5,104500,0
1058,830,1,29,15:36:53,20.936,20936,9,1,1,01:08.0,228.542,68,68000,0
1059,830,1,18,15:33:10,29.803,29803,9,1,1,01:36.4,218.156,96.4,96400,0
1059,830,2,32,15:56:20,30.123,30123,9,1,1,01:36.4,218.156,96.4,96400,0
1060,830,1,32,15:41:42,21.09,21090,9,1,1,01:06.2,234.815,66.2,66200,0
1060,830,2,60,16:14:03,21.236,21236,9,1,1,01:06.2,234.815,66.2,66200,0
1062,830,1,1,15:05:21,22.569,22569,9,3,9,01:20.9,194.843,80.9,80900,0
1062,830,2,2,15:08:31,24:16.3,1456349,9,3,9,01:20.9,194.843,80.9,80900,0
1062,830,3,3,15:34:44,35.245,35245,9,3,9,01:20.9,194.843,80.9,80900,0
1062,830,4,20,15:59:31,21.047,21047,9,3,9,01:20.9,194.843,80.9,80900,0
1062,830,5,40,16:27:50,20.848,20848,9,3,9,01:20.9,194.843,80.9,80900,0
1064,830,1,21,15:29:30,19.142,19142,9,1,1,01:13.3,209.244,73.3,73300,0
1064,830,2,40,15:53:30,18.578,18578,9,1,1,01:13.3,209.244,73.3,73300,0
1065,830,1,23,15:36:46,32.456,32456,9,1,0,01:25.2,244.852,85.2,85200,0
1066,830,1,26,15:47:58,29.578,29578,9,20,2,01:38.4,213.959,98.4,98400,0
1066,830,2,48,16:25:32,31.017,31017,9,20,2,01:38.4,213.959,98.4,98400,0
1067,830,1,36,15:59:52,22.442,22442,9,2,2,01:32.8,207.169,92.8,92800,0
1069,830,1,10,14:20:36,23.727,23727,9,1,1,01:39.1,200.278,99.1,99100,0
1069,830,2,29,14:52:59,24.052,24052,9,1,1,01:39.1,200.278,99.1,99100,0
1070,830,1,33,13:50:33,21.908,21908,9,3,1,01:19.0,196.134,79,79000,0
1071,830,1,7,14:12:32,17.916,17916,9,2,2,01:12.5,214.005,72.5,72500,0
1071,830,2,8,14:14:46,17.807,17807,9,2,2,01:12.5,214.005,72.5,72500,0
1071,830,3,27,14:40:38,22.722,22722,9,2,2,01:12.5,214.005,72.5,72500,0
1071,830,4,40,14:57:11,22.766,22766,9,2,2,01:12.5,214.005,72.5,72500,0
1072,830,1,13,20:58:28,16:36.4,996375,9,3,2,01:31.5,242.943,91.5,91500,0
1072,830,2,15,21:21:56,18:07.6,1087591,9,3,2,01:31.5,242.943,91.5,91500,0
1073,830,1,13,17:22:42,21.152,21152,9,1,1,01:26.1,220.8,86.1,86100,0
1073,830,2,36,17:57:06,21.871,21871,9,1,1,01:26.1,220.8,86.1,86100,0
1073,830,3,53,18:22:37,21.453,21453,9,1,1,01:26.1,220.8,86.1,86100,0
1051,832,1,27,17:44:36,25.639,25639,6,5,7,01:26.6,223.726,86.6,86600,2
1052,832,1,15,18:34:04,24.353,24353,6,8,8,01:34.5,206.151,94.5,94500,2
1052,832,2,37,19:09:53,24.341,24341,6,8,8,01:34.5,206.151,94.5,94500,2
1053,832,1,27,15:48:51,30.856,30856,6,11,5,01:18.5,225.154,78.5,78500,2
1053,832,2,33,15:59:14,26:22.2,1582211,6,11,5,01:18.5,225.154,78.5,78500,2
1054,832,1,2,15:06:16,22.029,22029,6,5,11,01:22.3,203.471,82.3,82300,2
1054,832,2,3,15:08:38,22.244,22244,6,5,11,01:22.3,203.471,82.3,82300,2
1054,832,3,21,15:36:07,25.892,25892,6,5,11,01:22.3,203.471,82.3,82300,2
1055,832,1,22,15:36:10,21.779,21779,6,6,7,01:21.6,206.33,81.6,81600,2
1055,832,2,46,16:09:50,21.856,21856,6,6,7,01:21.6,206.33,81.6,81600,2
1056,832,1,32,15:43:47,24.15,24150,6,4,2,01:14.6,160.989,74.6,74600,2
1057,832,1,10,16:22:11,20.064,20064,6,5,8,01:45.7,204.454,105.7,105700,2
1057,832,2,47,17:33:56,15.119,15119,6,5,8,01:45.7,204.454,105.7,105700,2
1057,832,3,48,17:36:58,33:32.7,2012724,6,5,8,01:45.7,204.454,105.7,105700,2
1058,832,1,41,15:51:48,21.226,21226,6,12,6,01:08.6,226.57,68.6,68600,2
1059,832,1,17,15:32:00,30.534,30534,6,5,11,01:38.9,212.584,98.9,98900,2
1060,832,1,48,16:01:07,21.431,21431,6,10,5,01:07.8,229.402,67.8,67800,2
1061,832,1,2,15:08:12,34:19.1,2059122,6,10,6,01:31.2,232.48,91.2,91200,2
1061,832,2,28,16:25:06,37.509,37509,6,10,6,01:31.2,232.48,91.2,91200,2
1062,832,1,2,15:08:04,24:12.5,1452527,6,15,3,01:21.4,193.699,81.4,81400,2
1062,832,2,3,15:34:32,42.786,42786,6,15,3,01:21.4,193.699,81.4,81400,2
1062,832,3,32,16:15:52,21.951,21951,6,15,3,01:21.4,193.699,81.4,81400,2
1064,832,1,31,15:42:58,20.327,20327,6,6,7,01:15.3,203.725,75.3,75300,2
1065,832,1,26,15:41:48,24.283,24283,6,6,6,01:25.6,243.747,85.6,85600,2
1066,832,1,14,15:27:33,30.715,30715,6,2,3,01:39.3,212.024,99.3,99300,2
1066,832,2,48,16:25:33,30.677,30677,6,2,3,01:39.3,212.024,99.3,99300,2
1067,832,1,36,16:00:33,28.353,28353,6,19,8,01:31.9,209.057,91.9,91900,2
1069,832,1,11,14:22:41,23.414,23414,6,5,7,01:40.4,197.722,100.4,100400,2
1069,832,2,29,14:53:43,26.866,26866,6,5,7,01:40.4,197.722,100.4,100400,2
1070,832,1,42,14:03:25,22.031,22031,6,6,6,01:20.1,193.484,80.1,80100,2
1071,832,1,7,14:12:42,18.46,18460,6,3,6,01:12.7,213.346,72.7,72700,2
1071,832,2,8,14:14:54,18.373,18373,6,3,6,01:12.7,213.346,72.7,72700,2
1071,832,3,26,14:39:40,23.321,23321,6,3,6,01:12.7,213.346,72.7,72700,2
1071,832,4,53,15:13:50,22.745,22745,6,3,6,01:12.7,213.346,72.7,72700,2
1072,832,1,13,20:58:47,16:44.6,1004618,6,15,8,01:31.9,241.983,91.9,91900,2
1072,832,2,15,21:22:15,18:17.2,1097194,6,15,8,01:31.9,241.983,91.9,91900,2
1073,832,1,19,17:31:59,22.213,22213,6,5,3,01:27.6,216.982,87.6,87600,2
1051,839,1,24,17:40:07,25.517,25517,214,9,5,01:27.1,222.464,87.1,87100,3
1052,839,1,13,18:30:55,25.226,25226,214,16,13,01:35.3,204.548,95.3,95300,3
1052,839,2,31,19:00:29,24.471,24471,214,16,13,01:35.3,204.548,95.3,95300,3
1053,839,1,1,15:05:16,30.866,30866,214,9,9,01:19.4,222.512,79.4,79400,3
1053,839,2,27,15:49:42,30.652,30652,214,9,9,01:19.4,222.512,79.4,79400,3
1053,839,3,31,15:56:23,30.701,30701,214,9,9,01:19.4,222.512,79.4,79400,3
1053,839,4,32,15:58:48,24:39.0,1478974,214,9,9,01:19.4,222.512,79.4,79400,3
1053,839,5,33,16:25:06,56.733,56733,214,9,9,01:19.4,222.512,79.4,79400,3
1054,839,1,2,15:06:21,21.275,21275,214,6,7,01:21.9,204.562,81.9,81900,3
1054,839,2,3,15:08:42,22.24,22240,214,6,7,01:21.9,204.562,81.9,81900,3
1054,839,3,22,15:37:35,27.033,27033,214,6,7,01:21.9,204.562,81.9,81900,3
1055,839,1,23,15:37:33,22.798,22798,214,5,9,01:23.3,202.014,83.3,83300,3
1056,839,1,37,15:50:48,23.935,23935,214,11,9,01:15.3,159.503,75.3,75300,3
1058,839,1,36,15:46:14,21.238,21238,214,17,14,01:09.6,223.421,69.6,69600,3
1059,839,1,28,15:50:47,30.207,30207,214,11,14,01:38.6,213.2,98.6,98600,3
1061,839,1,2,15:08:16,34:27.0,2066994,214,9,9,01:32.2,229.992,92.2,92200,3
1061,839,2,19,16:11:30,28.772,28772,214,9,9,01:32.2,229.992,92.2,92200,3
1062,839,1,2,15:07:59,24:10.2,1450190,214,8,1,01:21.4,193.704,81.4,81400,3
1062,839,2,3,15:34:31,39.522,39522,214,8,1,01:21.4,193.704,81.4,81400,3
1062,839,3,37,16:22:34,21.642,21642,214,8,1,01:21.4,193.704,81.4,81400,3
1064,839,1,31,15:43:12,19.24,19240,214,8,9,01:14.7,205.321,74.7,74700,3
1065,839,1,26,15:42:10,30.333,30333,214,12,10,01:25.6,243.727,85.6,85600,3
1066,839,1,15,15:29:27,29.901,29901,214,9,14,01:40.6,209.276,100.6,100600,3
1066,839,2,50,16:30:58,33.264,33264,214,9,14,01:40.6,209.276,100.6,100600,3
1069,839,1,3,14:09:03,40.8,40800,214,11,0,01:42.2,194.207,102.2,102200,3
1069,839,2,25,14:47:50,23.919,23919,214,11,0,01:42.2,194.207,102.2,102200,3
1070,839,1,14,13:25:30,23.1,23100,214,19,13,01:21.3,190.47,81.3,81300,3
1071,839,1,7,14:12:46,19.285,19285,214,8,8,01:14.4,208.415,74.4,74400,3
1071,839,2,8,14:15:00,17.818,17818,214,8,8,01:14.4,208.415,74.4,74400,3
1071,839,3,30,14:45:08,23.504,23504,214,8,8,01:14.4,208.415,74.4,74400,3
1072,839,1,13,20:58:37,16:37.1,997126,214,9,4,01:31.8,242.125,91.8,91800,3
1072,839,2,15,21:21:58,18:08.3,1088290,214,9,4,01:31.8,242.125,91.8,91800,3
1073,839,1,15,17:26:13,21.677,21677,214,9,9,01:28.2,215.431,88.2,88200,3
1051,840,1,23,17:38:40,26.157,26157,117,12,6,01:27.4,221.713,87.4,87400,1
1052,840,1,12,18:29:09,24.884,24884,117,10,10,01:34.9,205.378,94.9,94900,1
1052,840,2,28,18:55:23,25.525,25525,117,10,10,01:34.9,205.378,94.9,94900,1
1053,840,1,27,15:49:16,31.138,31138,117,10,8,01:18.8,224.32,78.8,78800,1
1053,840,2,32,15:58:13,24:52.1,1492090,117,10,8,01:18.8,224.32,78.8,78800,1
1053,840,3,33,16:24:36,01:05.4,65390,117,10,8,01:18.8,224.32,78.8,78800,1
1054,840,1,2,15:06:37,22.264,22264,117,17,14,01:22.0,204.352,82,82000,1
1054,840,2,3,15:08:57,22.176,22176,117,17,14,01:22.0,204.352,82,82000,1
1054,840,3,39,16:01:22,26.027,26027,117,17,14,01:22.0,204.352,82,82000,1
1055,840,1,22,15:36:15,21.756,21756,117,11,11,01:22.6,203.735,82.6,82600,1
1055,840,2,39,16:00:28,21.432,21432,117,11,11,01:22.6,203.735,82.6,82600,1
1056,840,1,58,16:17:28,23.474,23474,117,13,8,01:14.7,160.875,74.7,74700,1
1058,840,1,28,15:36:35,20.936,20936,117,9,8,01:09.8,222.746,69.8,69800,1
1059,840,1,34,16:00:37,30.996,30996,117,19,10,01:37.8,214.981,97.8,97800,1
1060,840,1,14,15:21:20,21.391,21391,117,9,13,01:08.7,226.405,68.7,68700,1
1060,840,2,46,15:59:19,21.472,21472,117,9,13,01:08.7,226.405,68.7,68700,1
1061,840,1,2,15:08:18,34:27.9,2067861,117,14,8,01:32.0,230.537,92,92000,1
1061,840,2,23,16:17:39,28.213,28213,117,14,8,01:32.0,230.537,92,92000,1
1064,840,1,27,15:38:17,19.389,19389,117,12,12,01:15.6,202.78,75.6,75600,1
1065,840,1,25,15:40:09,24.846,24846,117,9,7,01:25.9,242.912,85.9,85900,1
1066,840,1,12,15:24:13,30.241,30241,117,7,11,01:40.5,209.555,100.5,100500,1
1066,840,2,48,16:26:01,43.124,43124,117,7,11,01:40.5,209.555,100.5,100500,1
1067,840,1,39,16:05:17,35.509,35509,117,8,9,01:32.6,207.506,92.6,92600,1
1069,840,1,18,14:35:13,23.827,23827,117,13,12,01:41.2,196.135,101.2,101200,1
1069,840,2,34,15:03:12,23.455,23455,117,13,12,01:41.2,196.135,101.2,101200,1
1070,840,1,12,13:22:45,23.586,23586,117,20,14,01:20.9,191.454,80.9,80900,1
1070,840,2,34,13:53:37,26.056,26056,117,20,14,01:20.9,191.454,80.9,80900,1
1071,840,1,7,14:12:53,17.948,17948,117,14,0,01:15.3,205.887,75.3,75300,1
1071,840,2,8,14:15:06,17.935,17935,117,14,0,01:15.3,205.887,75.3,75300,1
1071,840,3,22,14:34:51,24.997,24997,117,14,0,01:15.3,205.887,75.3,75300,1
1072,840,1,9,20:48:30,27.165,27165,117,18,11,01:32.8,239.498,92.8,92800,1
1072,840,2,13,20:59:12,17:00.9,1020939,117,18,11,01:32.8,239.498,92.8,92800,1
1072,840,3,15,21:22:33,18:23.0,1102979,117,18,11,01:32.8,239.498,92.8,92800,1
1073,840,1,21,17:35:25,22.288,22288,117,13,13,01:28.6,214.657,88.6,88600,1
1073,840,2,52,18:22:55,22.661,22661,117,13,13,01:28.6,214.657,88.6,88600,1
1051,841,1,15,17:26:54,25.987,25987,51,18,15,01:27.8,220.534,87.8,87800,2
1051,841,2,32,17:52:43,25.347,25347,51,18,15,01:27.8,220.534,87.8,87800,2
1052,841,1,12,18:29:14,31.998,31998,51,12,12,01:35.1,204.823,95.1,95100,2
1052,841,2,30,18:58:53,24.223,24223,51,12,12,01:35.1,204.823,95.1,95100,2
1053,841,1,27,15:49:32,32.299,32299,51,17,14,01:19.5,222.378,79.5,79500,2
1053,841,2,32,15:58:26,24:56.5,1496541,51,17,14,01:19.5,222.378,79.5,79500,2
1053,841,3,33,16:24:58,01:00.2,60172,51,17,14,01:19.5,222.378,79.5,79500,2
1053,841,4,40,16:36:13,29.742,29742,51,17,14,01:19.5,222.378,79.5,79500,2
1054,841,1,2,15:06:29,22.485,22485,51,12,12,01:22.2,203.862,82.2,82200,2
1054,841,2,3,15:08:50,22.669,22669,51,12,12,01:22.2,203.862,82.2,82200,2
1054,841,3,22,15:37:41,26.729,26729,51,12,12,01:22.2,203.862,82.2,82200,2
1055,841,1,8,15:15:06,54.673,54673,51,14,15,01:22.8,203.255,82.8,82800,2
1055,841,2,39,16:00:52,22.871,22871,51,14,15,01:22.8,203.255,82.8,82800,2
1056,841,1,33,15:45:42,24.521,24521,51,10,10,01:15.3,159.472,75.3,75300,2
1057,841,1,2,16:07:56,20.402,20402,51,20,11,01:45.6,204.696,105.6,105600,2
1057,841,2,34,17:09:14,20.193,20193,51,20,11,01:45.6,204.696,105.6,105600,2
1057,841,3,47,17:34:07,14.881,14881,51,20,11,01:45.6,204.696,105.6,105600,2
1057,841,4,48,17:37:08,33:37.3,2017324,51,20,11,01:45.6,204.696,105.6,105600,2
1058,841,1,23,15:30:50,21.21,21210,51,15,15,01:09.7,222.95,69.7,69700,2
1059,841,1,28,15:50:48,30.586,30586,51,13,15,01:38.7,213.077,98.7,98700,2
1060,841,1,1,15:04:39,21.129,21129,51,15,14,01:09.0,225.149,69,69000,2
1060,841,2,29,15:39:18,27.122,27122,51,15,14,01:09.0,225.149,69,69000,2
1061,841,1,2,15:08:22,34:30.3,2070250,51,15,13,01:32.3,229.653,92.3,92300,2
1061,841,2,23,16:17:51,28.137,28137,51,15,13,01:32.3,229.653,92.3,92300,2
1062,841,1,1,15:05:53,26.573,26573,51,0,13,01:22.7,190.625,82.7,82700,2
1062,841,2,2,15:08:38,24:16.3,1456349,51,0,13,01:22.7,190.625,82.7,82700,2
1062,841,3,3,15:34:48,36.899,36899,51,0,13,01:22.7,190.625,82.7,82700,2
1062,841,4,11,15:46:53,29.191,29191,51,0,13,01:22.7,190.625,82.7,82700,2
1062,841,5,33,16:18:12,21.874,21874,51,0,13,01:22.7,190.625,82.7,82700,2
1064,841,1,27,15:38:13,19.049,19049,51,7,14,01:15.1,204.091,75.1,75100,2
1064,841,2,33,15:46:17,20.043,20043,51,7,14,01:15.1,204.091,75.1,75100,2
1065,841,1,1,15:05:21,37.19,37190,51,7,13,01:25.7,243.295,85.7,85700,2
1065,841,2,25,15:40:55,30.551,30551,51,7,13,01:25.7,243.295,85.7,85700,2
1066,841,1,36,16:05:27,30.081,30081,51,17,16,01:39.1,212.53,99.1,99100,2
1066,841,2,50,16:31:14,33.961,33961,51,17,16,01:39.1,212.53,99.1,99100,2
1067,841,1,40,16:07:22,23.15,23150,51,16,11,01:32.9,206.845,92.9,92900,2
1069,841,1,8,14:17:44,23.993,23993,51,12,11,01:41.1,196.221,101.1,101100,2
1069,841,2,26,14:49:12,23.502,23502,51,12,11,01:41.1,196.221,101.1,101100,2
1070,841,1,16,13:28:00,22.205,22205,51,11,11,01:21.5,190.061,81.5,81500,2
1071,841,1,7,14:12:55,17.713,17713,51,13,14,01:14.2,208.985,74.2,74200,2
1071,841,2,8,14:15:07,17.929,17929,51,13,14,01:14.2,208.985,74.2,74200,2
1071,841,3,29,14:43:50,23.618,23618,51,13,14,01:14.2,208.985,74.2,74200,2
1071,841,4,42,15:00:49,22.83,22830,51,13,14,01:14.2,208.985,74.2,74200,2
1072,841,1,13,20:58:49,16:44.9,1004917,51,10,9,01:32.9,239.34,92.9,92900,2
1072,841,2,15,21:22:14,18:14.7,1094749,51,10,9,01:32.9,239.34,92.9,92900,2
1073,841,1,17,17:29:20,22.283,22283,51,14,0,01:29.4,212.557,89.4,89400,2
1051,842,1,13,17:23:37,25.63,25630,213,2,11,01:27.0,222.572,87,87000,0
1051,842,2,35,17:56:42,26.109,26109,213,2,11,01:27.0,222.572,87,87000,0
1052,842,1,4,18:16:14,38.338,38338,213,5,17,01:34.1,207.069,94.1,94100,0
1052,842,2,19,18:41:17,24.317,24317,213,5,17,01:34.1,207.069,94.1,94100,0
1052,842,3,39,19:13:55,24.983,24983,213,5,17,01:34.1,207.069,94.1,94100,0
1053,842,1,14,15:30:10,31.068,31068,213,5,7,01:19.0,223.718,79,79000,0
1053,842,2,26,15:48:45,32.277,32277,213,5,7,01:19.0,223.718,79,79000,0
1053,842,3,32,15:59:18,24:13.5,1453539,213,5,7,01:19.0,223.718,79,79000,0
1053,842,4,33,16:25:09,56.083,56083,213,5,7,01:19.0,223.718,79,79000,0
1054,842,1,2,15:06:24,21.353,21353,213,9,10,01:22.0,204.243,82,82000,0
1054,842,2,3,15:08:45,22.319,22319,213,9,10,01:22.0,204.243,82,82000,0
1054,842,3,24,15:40:23,26.172,26172,213,9,10,01:22.0,204.243,82,82000,0
1055,842,1,18,15:30:37,28.042,28042,213,12,10,01:21.4,206.82,81.4,81400,0
1055,842,2,47,16:11:47,26.065,26065,213,12,10,01:21.4,206.82,81.4,81400,0
1056,842,1,30,15:41:23,24.428,24428,213,6,6,01:15.4,159.3,75.4,75400,0
1057,842,1,11,16:23:55,20.156,20156,213,4,3,01:45.2,205.386,105.2,105200,0
1057,842,2,47,17:33:45,15.085,15085,213,4,3,01:45.2,205.386,105.2,105200,0
1057,842,3,48,17:36:52,33:21.8,2001830,213,4,3,01:45.2,205.386,105.2,105200,0
1059,842,1,17,15:32:01,30.781,30781,213,6,7,01:38.1,214.378,98.1,98100,0
1060,842,1,13,15:20:04,22.564,22564,213,6,9,01:08.1,228.11,68.1,68100,0
1060,842,2,45,15:57:48,20.85,20850,213,6,9,01:08.1,228.11,68.1,68100,0
1061,842,1,2,15:08:21,34:27.2,2067244,213,11,11,01:30.3,234.945,90.3,90300,0
1061,842,2,28,16:25:29,28.685,28685,213,11,11,01:30.3,234.945,90.3,90300,0
1061,842,3,46,16:53:40,28.18,28180,213,11,11,01:30.3,234.945,90.3,90300,0
1062,842,1,2,15:08:25,24:17.6,1457615,213,5,5,01:18.4,201.183,78.4,78400,0
1062,842,2,3,15:34:43,39.839,39839,213,5,5,01:18.4,201.183,78.4,78400,0
1062,842,3,30,16:13:24,21.295,21295,213,5,5,01:18.4,201.183,78.4,78400,0
1062,842,4,68,17:05:56,21.543,21543,213,5,5,01:18.4,201.183,78.4,78400,0
1064,842,1,24,15:33:50,19.163,19163,213,4,4,01:14.8,204.929,74.8,74800,0
1066,842,1,33,16:00:00,29.354,29354,213,11,13,01:38.3,214.214,98.3,98300,0
1066,842,2,50,16:30:49,31.915,31915,213,11,13,01:38.3,214.214,98.3,98300,0
1067,842,1,39,16:05:01,29.31,29310,213,4,6,01:32.8,207.046,92.8,92800,0
1069,842,1,10,14:21:07,23.745,23745,213,8,0,01:42.0,194.547,102,102000,0
1070,842,1,31,13:48:20,22.549,22549,213,5,4,01:20.5,192.453,80.5,80500,0
1071,842,1,7,14:12:45,19.439,19439,213,7,7,01:13.2,211.839,73.2,73200,0
1071,842,2,8,14:14:58,18.608,18608,213,7,7,01:13.2,211.839,73.2,73200,0
1071,842,3,25,14:38:27,23.116,23116,213,7,7,01:13.2,211.839,73.2,73200,0
1071,842,4,51,15:11:27,23.039,23039,213,7,7,01:13.2,211.839,73.2,73200,0
1072,842,1,13,20:58:44,16:41.8,1001775,213,6,6,01:32.3,240.813,92.3,92300,0
1072,842,2,15,21:22:09,18:12.3,1092287,213,6,6,01:32.3,240.813,92.3,92300,0
1073,842,1,36,17:58:06,22.133,22133,213,12,5,01:27.3,217.668,87.3,87300,0
1073,842,2,54,18:25:56,21.92,21920,213,12,5,01:27.3,217.668,87.3,87300,0
1051,844,1,27,17:44:46,25.799,25799,6,13,8,01:26.6,223.765,86.6,86600,2
1052,844,1,12,18:29:06,24.925,24925,6,4,6,01:35.0,205.112,95,95000,2
1052,844,2,32,19:01:40,24.176,24176,6,4,6,01:35.0,205.112,95,95000,2
1053,844,1,28,15:49:43,31.002,31002,6,4,4,01:18.4,225.473,78.4,78400,2
1053,844,2,33,15:58:28,26:49.5,1609484,6,4,4,01:18.4,225.473,78.4,78400,2
1054,844,1,2,15:06:23,21.323,21323,6,8,6,01:21.5,205.541,81.5,81500,2
1054,844,2,3,15:08:43,22.587,22587,6,8,6,01:21.5,205.541,81.5,81500,2
1054,844,3,25,15:41:44,27.082,27082,6,8,6,01:21.5,205.541,81.5,81500,2
1055,844,1,28,15:44:20,21.613,21613,6,4,4,01:20.5,209.174,80.5,80500,2
1055,844,2,58,16:26:05,22.292,22292,6,4,4,01:20.5,209.174,80.5,80500,2
1057,844,1,9,16:20:20,19.836,19836,6,1,4,01:45.4,205.071,105.4,105400,2
1057,844,2,47,17:33:48,15.092,15092,6,1,4,01:45.4,205.071,105.4,105400,2
1057,844,3,48,17:36:53,33:22.5,2002544,6,1,4,01:45.4,205.071,105.4,105400,2
1058,844,1,1,15:04:22,28.386,28386,6,7,7,01:08.7,226.145,68.7,68700,2
1058,844,2,37,15:47:22,21.924,21924,6,7,7,01:08.7,226.145,68.7,68700,2
1059,844,1,14,15:26:59,30.798,30798,6,7,16,01:37.7,215.304,97.7,97700,2
1059,844,2,38,16:07:29,31.368,31368,6,7,16,01:37.7,215.304,97.7,97700,2
1060,844,1,34,15:44:47,21.143,21143,6,12,8,01:08.7,226.277,68.7,68700,2
1061,844,1,2,15:07:57,34:07.7,2047731,6,4,2,01:30.6,234.159,90.6,90600,2
1061,844,2,29,16:26:18,28.433,28433,6,4,2,01:30.6,234.159,90.6,90600,2
1064,844,1,34,15:46:39,19.49,19490,6,5,5,01:14.8,205.033,74.8,74800,2
1065,844,1,26,15:41:30,24.557,24557,6,5,4,01:25.3,244.433,85.3,85300,2
1066,844,1,35,16:03:07,31.849,31849,6,19,15,01:39.0,212.667,99,99000,2
1066,844,2,51,16:32:51,32.648,32648,6,19,15,01:39.0,212.667,99,99000,2
1067,844,1,47,16:17:27,23.646,23646,6,3,4,01:32.7,207.218,92.7,92700,2
1069,844,1,12,14:24:15,24.011,24011,6,4,4,01:39.3,199.861,99.3,99300,2
1069,844,2,32,14:58:34,23.805,23805,6,4,4,01:39.3,199.861,99.3,99300,2
1070,844,1,30,13:47:01,22.085,22085,6,8,5,01:20.7,192.083,80.7,80700,2
1071,844,1,7,14:12:40,17.943,17943,6,6,5,01:12.8,213.018,72.8,72800,2
1071,844,2,8,14:14:52,17.771,17771,6,6,5,01:12.8,213.018,72.8,72800,2
1071,844,3,27,14:40:53,22.667,22667,6,6,5,01:12.8,213.018,72.8,72800,2
1071,844,4,52,15:12:32,23.064,23064,6,6,5,01:12.8,213.018,72.8,72800,2
1072,844,1,10,20:50:01,20.531,20531,6,4,7,01:31.6,242.643,91.6,91600,2
1072,844,2,13,20:58:42,16:39.5,999485,6,4,7,01:31.6,242.643,91.6,91600,2
1072,844,3,15,21:22:10,18:15.2,1095192,6,4,7,01:31.6,242.643,91.6,91600,2
1073,844,1,15,17:26:08,22.461,22461,6,7,10,01:28.4,214.983,88.4,88400,2
1073,844,2,35,17:56:24,21.173,21173,6,7,10,01:28.4,214.983,88.4,88400,2
1051,846,1,25,17:41:32,25.319,25319,1,4,9,01:25.7,225.876,85.7,85700,1
1051,846,2,49,18:17:08,26.552,26552,1,4,9,01:25.7,225.876,85.7,85700,1
1052,846,1,12,18:29:05,24.899,24899,1,7,4,01:34.4,206.398,94.4,94400,1
1052,846,2,33,19:03:11,25.64,25640,1,7,4,01:34.4,206.398,94.4,94400,1
1053,846,1,28,15:50:11,30.654,30654,1,7,3,01:18.3,225.819,78.3,78300,1
1053,846,2,33,15:59:06,26:25.0,1584953,1,7,3,01:18.3,225.819,78.3,78300,1
1054,846,1,2,15:06:19,21.407,21407,1,7,5,01:21.7,205.038,81.7,81700,1
1054,846,2,3,15:08:40,22.551,22551,1,7,5,01:21.7,205.038,81.7,81700,1
1054,846,3,22,15:37:29,26.952,26952,1,7,5,01:21.7,205.038,81.7,81700,1
1055,846,1,23,15:37:35,21.864,21864,1,9,8,01:21.3,207.064,81.3,81300,1
1055,846,2,51,16:17:08,22.467,22467,1,9,8,01:21.3,207.064,81.3,81300,1
1056,846,1,30,15:41:20,23.874,23874,1,5,3,01:14.7,160.883,74.7,74700,1
1057,846,1,7,16:16:56,20.533,20533,1,9,5,01:45.3,205.18,105.3,105300,1
1057,846,2,47,17:33:53,15.866,15866,1,9,5,01:45.3,205.18,105.3,105300,1
1057,846,3,48,17:36:57,33:30.4,2010409,1,9,5,01:45.3,205.18,105.3,105300,1
1058,846,1,31,15:39:53,21.692,21692,1,3,5,01:08.9,225.604,68.9,68900,1
1059,846,1,24,15:43:44,30.531,30531,1,8,5,01:37.4,215.87,97.4,97400,1
1060,846,1,30,15:39:39,26.474,26474,1,2,3,01:08.5,227.027,68.5,68500,1
1061,846,1,2,15:08:03,34:12.2,2052218,1,5,4,01:31.4,231.979,91.4,91400,1
1061,846,2,21,16:14:08,31.706,31706,1,5,4,01:31.4,231.979,91.4,91400,1
1062,846,1,1,15:05:33,38.267,38267,1,6,0,0,0,#VALUE!,#VALUE!,1
1064,846,1,42,15:57:26,20.443,20443,1,13,10,01:14.2,206.535,74.2,74200,1
1065,846,1,24,15:38:19,24.168,24168,1,3,2,01:25.0,245.434,85,85000,1
1066,846,1,28,15:51:03,29.824,29824,1,1,7,01:37.4,216.096,97.4,97400,1
1066,846,2,51,16:31:33,32.67,32670,1,1,7,01:37.4,216.096,97.4,97400,1
1067,846,1,34,15:57:20,23.239,23239,1,7,7,01:32.4,207.87,92.4,92400,1
1069,846,1,10,14:21:01,24.385,24385,1,7,8,01:40.2,198.016,100.2,100200,1
1069,846,2,30,14:55:31,25.548,25548,1,7,8,01:40.2,198.016,100.2,100200,1
1070,846,1,44,14:06:38,22.534,22534,1,18,10,01:20.6,192.197,80.6,80600,1
1071,846,1,1,14:04:50,27.313,27313,1,5,10,01:13.8,210.306,73.8,73800,1
1071,846,2,6,14:12:08,17.719,17719,1,5,10,01:13.8,210.306,73.8,73800,1
1071,846,3,7,14:13:44,17.673,17673,1,5,10,01:13.8,210.306,73.8,73800,1
1071,846,4,8,14:15:20,19.176,19176,1,5,10,01:13.8,210.306,73.8,73800,1
1071,846,5,37,14:54:11,24.211,24211,1,5,10,01:13.8,210.306,73.8,73800,1
1072,846,1,10,20:50:14,20.973,20973,1,7,10,01:31.9,241.817,91.9,91900,1
1072,846,2,13,20:58:57,16:57.3,1017303,1,7,10,01:31.9,241.817,91.9,91900,1
1072,846,3,15,21:22:36,18:36.6,1116576,1,7,10,01:31.9,241.817,91.9,91900,1
1073,846,1,17,17:29:04,21.38,21380,1,3,7,01:26.8,219.123,86.8,86800,1
1073,846,2,48,18:16:06,22.173,22173,1,3,7,01:26.8,219.123,86.8,86800,1
1051,847,1,17,17:30:00,26.121,26121,3,15,17,01:25.8,225.818,85.8,85800,1
1051,847,2,49,18:18:36,35.006,35006,3,15,17,01:25.8,225.818,85.8,85800,1
1052,847,1,13,18:31:02,24.621,24621,3,15,14,01:35.0,205.008,95,95000,1
1052,847,2,36,19:08:48,24.248,24248,3,15,14,01:35.0,205.008,95,95000,1
1053,847,1,26,15:47:53,29.983,29983,3,12,0,01:26.5,204.203,86.5,86500,1
1054,847,1,2,15:06:27,23.532,23532,3,11,16,01:22.7,202.661,82.7,82700,1
1054,847,2,3,15:08:48,22.755,22755,3,11,16,01:22.7,202.661,82.7,82700,1
1054,847,3,28,15:46:30,26.843,26843,3,11,16,01:22.7,202.661,82.7,82700,1
1055,847,1,9,15:17:07,23.814,23814,3,15,14,01:23.2,202.264,83.2,83200,1
1055,847,2,28,15:44:52,21.919,21919,3,15,14,01:23.2,202.264,83.2,83200,1
1056,847,1,31,15:43:46,23.928,23928,3,15,14,01:15.5,159.033,75.5,75500,1
1057,847,1,1,16:06:06,19.97,19970,3,15,0,01:46.0,203.954,106,106000,1
1057,847,2,34,17:09:15,20.029,20029,3,15,0,01:46.0,203.954,106,106000,1
1057,847,3,47,17:34:08,21.438,21438,3,15,0,01:46.0,203.954,106,106000,1
1057,847,4,48,17:37:18,33:56.2,2036172,3,15,0,01:46.0,203.954,106,106000,1
1058,847,1,25,15:33:03,37.309,37309,3,10,0,01:10.5,220.496,70.5,70500,1
1058,847,2,26,15:34:49,46.315,46315,3,10,0,01:10.5,220.496,70.5,70500,1
1059,847,1,17,15:32:17,30.092,30092,3,14,12,01:38.3,213.918,98.3,98300,1
1060,847,1,30,15:40:16,21.606,21606,3,8,11,01:08.9,225.613,68.9,68900,1
1061,847,1,2,15:08:25,34:32.5,2072543,3,12,12,01:32.0,230.394,92,92000,1
1061,847,2,18,16:10:03,27.812,27812,3,12,12,01:32.0,230.394,92,92000,1
1062,847,1,2,15:08:17,24:17.5,1457487,3,17,8,01:22.1,192.074,82.1,82100,1
1062,847,2,3,15:34:41,29.374,29374,3,17,8,01:22.1,192.074,82.1,82100,1
1062,847,3,21,16:00:52,22.186,22186,3,17,8,01:22.1,192.074,82.1,82100,1
1064,847,1,27,15:38:14,18.634,18634,3,11,17,01:15.6,202.734,75.6,75600,1
1064,847,2,68,16:30:57,25.533,25533,3,11,17,01:15.6,202.734,75.6,75600,1
1065,847,1,26,15:42:13,24.156,24156,3,14,9,01:25.8,242.963,85.8,85800,1
1066,847,1,13,15:25:55,30.665,30665,3,3,10,01:40.6,209.28,100.6,100600,1
1066,847,2,47,16:23:56,32.081,32081,3,3,10,01:40.6,209.28,100.6,100600,1
1067,847,1,35,15:59:42,23.551,23551,3,13,15,01:33.4,205.749,93.4,93400,1
1069,847,1,9,14:19:32,23.572,23572,3,20,14,01:41.1,196.269,101.1,101100,1
1069,847,2,31,14:58:07,24.98,24980,3,20,14,01:41.1,196.269,101.1,101100,1
1070,847,1,15,13:26:51,21.984,21984,3,16,16,01:22.0,188.919,82,82000,1
1071,847,1,6,14:11:08,22.978,22978,3,17,13,01:14.4,208.626,74.4,74400,1
1071,847,2,7,14:13:02,20.844,20844,3,17,13,01:14.4,208.626,74.4,74400,1
1071,847,3,8,14:15:17,18.179,18179,3,17,13,01:14.4,208.626,74.4,74400,1
1071,847,4,41,14:59:33,23.132,23132,3,17,13,01:14.4,208.626,74.4,74400,1
1072,847,1,9,20:48:32,20.519,20519,3,14,0,01:36.1,231.211,96.1,96100,1
1072,847,2,13,20:59:08,17:01.6,1021615,3,14,0,01:36.1,231.211,96.1,96100,1
1051,849,1,18,17:31:31,25.811,25811,3,17,0,01:28.7,218.275,88.7,88700,1
1052,849,1,14,18:32:44,26.046,26046,3,17,18,01:36.6,201.685,96.6,96600,1
1052,849,2,32,19:02:32,23.983,23983,3,17,18,01:36.6,201.685,96.6,96600,1
1054,849,1,2,15:06:39,21.97,21970,3,18,18,01:23.2,201.44,83.2,83200,1
1054,849,2,3,15:08:58,21.73,21730,3,18,18,01:23.2,201.44,83.2,83200,1
1054,849,3,24,15:40:50,26.595,26595,3,18,18,01:23.2,201.44,83.2,83200,1
1055,849,1,9,15:17:10,26.672,26672,3,19,16,01:22.9,203.003,82.9,82900,1
1055,849,2,27,15:43:32,21.424,21424,3,19,16,01:22.9,203.003,82.9,82900,1
1055,849,3,50,16:16:19,22.405,22405,3,19,16,01:22.9,203.003,82.9,82900,1
1056,849,1,43,15:59:23,23.703,23703,3,18,15,01:15.6,158.961,75.6,75600,1
1057,849,1,9,16:20:47,22.149,22149,3,16,16,01:46.6,202.712,106.6,106600,1
1057,849,2,48,17:37:10,34:08.2,2048175,3,16,16,01:46.6,202.712,106.6,106600,1
1058,849,1,1,15:04:58,26.419,26419,3,16,17,01:10.1,221.739,70.1,70100,1
1058,849,2,25,15:34:10,21.953,21953,3,16,17,01:10.1,221.739,70.1,70100,1
1059,849,1,18,15:34:01,29.775,29775,3,16,18,01:38.3,213.92,98.3,98300,1
1060,849,1,33,15:44:01,21.152,21152,3,18,16,01:08.5,226.865,68.5,68500,1
1061,849,1,2,15:08:32,34:37.2,2077164,3,17,14,01:32.5,229.328,92.5,92500,1
1061,849,2,19,16:11:41,27.543,27543,3,17,14,01:32.5,229.328,92.5,92500,1
1062,849,1,2,15:08:10,24:14.4,1454435,3,18,7,01:22.8,190.406,82.8,82800,1
1062,849,2,3,15:34:34,39.081,39081,3,18,7,01:22.8,190.406,82.8,82800,1
1062,849,3,23,16:03:29,22.704,22704,3,18,7,01:22.8,190.406,82.8,82800,1
1064,849,1,23,15:33:19,20.646,20646,3,0,16,01:15.8,202.301,75.8,75800,1
1065,849,1,23,15:37:22,24.168,24168,3,13,11,01:26.0,242.63,86,86000,1
1066,849,1,13,15:26:27,30.056,30056,3,18,19,01:40.0,210.528,100,100000,1
1067,849,1,34,15:58:22,24.104,24104,3,15,17,01:33.7,205.149,93.7,93700,1
1069,849,1,5,14:12:39,32.61,32610,3,14,15,01:41.8,194.924,101.8,101800,1
1069,849,2,25,14:47:47,23.653,23653,3,14,15,01:41.8,194.924,101.8,101800,1
1070,849,1,11,13:21:22,23.681,23681,3,13,17,01:21.5,190.008,81.5,81500,1
1070,849,2,49,14:14:59,22.739,22739,3,13,17,01:21.5,190.008,81.5,81500,1
1071,849,1,7,14:12:59,18.153,18153,3,16,16,01:14.6,207.896,74.6,74600,1
1071,849,2,8,14:15:12,18.784,18784,3,16,16,01:14.6,207.896,74.6,74600,1
1071,849,3,13,14:23:27,22.936,22936,3,16,16,01:14.6,207.896,74.6,74600,1
1071,849,4,39,14:57:10,22.958,22958,3,16,16,01:14.6,207.896,74.6,74600,1
1072,849,1,10,20:50:43,24.22,24220,3,16,12,01:32.8,239.635,92.8,92800,1
1072,849,2,13,20:59:20,16:57.3,1017257,3,16,12,01:32.8,239.635,92.8,92800,1
1072,849,3,15,21:22:34,18:27.1,1107052,3,16,12,01:32.8,239.635,92.8,92800,1
1073,849,1,28,17:46:18,21.241,21241,3,16,0,01:29.3,212.912,89.3,89300,1
1051,852,1,9,17:17:42,25.659,25659,213,8,13,01:27.0,222.51,87,87000,0
1051,852,2,34,17:55:29,26.674,26674,213,8,13,01:27.0,222.51,87,87000,0
1052,852,1,15,18:34:12,25.046,25046,213,13,9,01:34.8,205.603,94.8,94800,0
1052,852,2,33,19:03:36,24.328,24328,213,13,9,01:34.8,205.603,94.8,94800,0
1053,852,1,25,15:46:39,30.696,30696,213,20,12,01:18.3,225.603,78.3,78300,0
1053,852,2,32,15:58:24,24:51.4,1491384,213,20,12,01:18.3,225.603,78.3,78300,0
1053,852,3,33,16:24:52,01:03.3,63280,213,20,12,01:18.3,225.603,78.3,78300,0
1054,852,1,2,15:06:36,22.266,22266,213,14,15,01:22.1,204.133,82.1,82100,0
1054,852,2,3,15:08:55,22.542,22542,213,14,15,01:22.1,204.133,82.1,82100,0
1054,852,3,21,15:36:23,26.202,26202,213,14,15,01:22.1,204.133,82.1,82100,0
1056,852,1,64,16:26:09,24.43,24430,213,16,16,01:14.0,162.259,74,74000,0
1057,852,1,9,16:20:28,20.253,20253,213,7,7,01:44.9,205.936,104.9,104900,0
1057,852,2,47,17:33:50,14.943,14943,213,7,7,01:44.9,205.936,104.9,104900,0
1057,852,3,48,17:36:55,33:23.5,2003526,213,7,7,01:44.9,205.936,104.9,104900,0
1058,852,1,26,15:34:15,21.234,21234,213,11,10,01:09.7,223.184,69.7,69700,0
1059,852,1,15,15:28:52,30.226,30226,213,0,13,01:39.0,212.479,99,99000,0
1060,852,1,12,15:18:55,21.145,21145,213,7,12,01:08.5,227.08,68.5,68500,0
1060,852,2,51,16:04:57,26.604,26604,213,7,12,01:08.5,227.08,68.5,68500,0
1061,852,1,2,15:08:28,34:35.7,2075695,213,16,10,01:30.8,233.497,90.8,90800,0
1061,852,2,30,16:28:42,29.134,29134,213,16,10,01:30.8,233.497,90.8,90800,0
1062,852,1,2,15:08:08,24:13.6,1453630,213,16,6,01:22.4,191.286,82.4,82400,0
1062,852,2,3,15:34:33,40.74,40740,213,16,6,01:22.4,191.286,82.4,82400,0
1062,852,3,22,16:02:06,21.819,21819,213,16,6,01:22.4,191.286,82.4,82400,0
1064,852,1,31,15:43:30,19.85,19850,213,14,0,01:15.8,202.319,75.8,75800,0
1066,852,1,13,15:26:28,30.112,30112,213,12,17,01:40.0,210.612,100,100000,0
1066,852,2,47,16:24:44,30.98,30980,213,12,17,01:40.0,210.612,100,100000,0
1066,852,3,49,16:29:31,30.972,30972,213,12,17,01:40.0,210.612,100,100000,0
1067,852,1,35,15:59:39,23.329,23329,213,9,14,01:32.8,206.979,92.8,92800,0
1069,852,1,9,14:19:23,23.802,23802,213,10,9,01:41.2,196.209,101.2,101200,0
1069,852,2,32,14:59:23,23.529,23529,213,10,9,01:41.2,196.209,101.2,101200,0
1071,852,1,4,14:08:22,31.939,31939,213,15,15,01:14.2,209.05,74.2,74200,0
1071,852,2,6,14:11:57,17.758,17758,213,15,15,01:14.2,209.05,74.2,74200,0
1071,852,3,7,14:13:33,17.711,17711,213,15,15,01:14.2,209.05,74.2,74200,0
1071,852,4,8,14:15:18,18.499,18499,213,15,15,01:14.2,209.05,74.2,74200,0
1071,852,5,39,14:56:53,35.416,35416,213,15,15,01:14.2,209.05,74.2,74200,0
1072,852,1,13,20:58:51,16:46.4,1006407,213,8,14,01:32.5,240.269,92.5,92500,0
1072,852,2,15,21:22:26,18:20.6,1100644,213,8,14,01:32.5,240.269,92.5,92500,0
1072,852,3,23,21:57:04,27.874,27874,213,8,14,01:32.5,240.269,92.5,92500,0
1073,852,1,23,17:38:05,22.455,22455,213,8,4,01:27.5,217.285,87.5,87500,0
1073,852,2,53,18:24:01,21.909,21909,213,8,4,01:27.5,217.285,87.5,87500,0
1051,853,1,31,17:51:36,26.515,26515,210,20,18,01:27.3,221.754,87.3,87300,2
1053,853,1,12,15:27:20,31.168,31168,210,19,17,01:20.4,219.8,80.4,80400,2
1053,853,2,23,15:45:20,31.5,31500,210,19,17,01:20.4,219.8,80.4,80400,2
1053,853,3,31,15:58:57,24:46.2,1486154,210,19,17,01:20.4,219.8,80.4,80400,2
1053,853,4,32,16:25:22,49.729,49729,210,19,17,01:20.4,219.8,80.4,80400,2
1054,853,1,2,15:06:42,21.372,21372,210,20,19,01:23.6,200.27,83.6,83600,2
1054,853,2,3,15:09:01,21.404,21404,210,20,19,01:23.6,200.27,83.6,83600,2
1054,853,3,31,15:50:54,27.186,27186,210,20,19,01:23.6,200.27,83.6,83600,2
1054,853,4,43,16:08:31,26.984,26984,210,20,19,01:23.6,200.27,83.6,83600,2
1055,853,1,22,15:36:40,23.098,23098,210,20,19,01:24.0,200.261,84,84000,2
1055,853,2,42,16:05:36,22.502,22502,210,20,19,01:24.0,200.261,84,84000,2
1056,853,1,34,15:48:25,25.202,25202,210,19,17,01:16.9,156.287,76.9,76900,2
1057,853,1,9,16:20:57,21.759,21759,210,18,14,01:47.7,200.569,107.7,107700,2
1057,853,2,34,17:11:01,21.958,21958,210,18,14,01:47.7,200.569,107.7,107700,2
1057,853,3,44,17:29:37,24.78,24780,210,18,14,01:47.7,200.569,107.7,107700,2
1057,853,4,46,17:34:18,15.054,15054,210,18,14,01:47.7,200.569,107.7,107700,2
1057,853,5,47,17:37:20,30:29.0,1828965,210,18,14,01:47.7,200.569,107.7,107700,2
1057,853,6,48,18:09:58,01:26.4,86440,210,18,14,01:47.7,200.569,107.7,107700,2
1058,853,1,21,15:28:40,22.759,22759,210,20,18,01:11.0,219.092,71,71000,2
1059,853,1,31,15:56:17,30.983,30983,210,18,20,01:39.3,211.758,99.3,99300,2
1060,853,1,27,15:37:15,22,22000,210,20,19,01:09.8,222.842,69.8,69800,2
1060,853,2,45,15:58:58,23.182,23182,210,20,19,01:09.8,222.842,69.8,69800,2
1061,853,1,2,15:08:35,34:37.0,2076977,210,19,17,01:32.9,228.262,92.9,92900,2
1061,853,2,25,16:21:37,29.253,29253,210,19,17,01:32.9,228.262,92.9,92900,2
1062,853,1,1,15:05:28,23.715,23715,210,19,0,0,0,#VALUE!,#VALUE!,2
1062,853,2,2,15:08:34,24:17.4,1457420,210,19,0,0,0,#VALUE!,#VALUE!,2
1064,853,1,33,15:46:35,19.999,19999,210,18,0,01:16.1,201.567,76.1,76100,2
1065,853,1,24,15:39:22,24.928,24928,210,16,0,01:27.2,239.155,87.2,87200,2
1065,853,2,28,15:47:13,24.806,24806,210,16,0,01:27.2,239.155,87.2,87200,2
1065,853,3,39,16:05:25,30.917,30917,210,16,0,01:27.2,239.155,87.2,87200,2
1066,853,1,14,15:28:09,30.127,30127,210,15,18,01:41.7,206.982,101.7,101700,2
1066,853,2,46,16:24:05,33.931,33931,210,15,18,01:41.7,206.982,101.7,101700,2
1067,853,1,35,16:00:40,23.829,23829,210,18,20,01:35.4,201.353,95.4,95400,2
1069,853,1,1,14:05:35,30.673,30673,210,17,17,01:42.9,192.9,102.9,102900,2
1069,853,2,24,14:46:40,24.611,24611,210,17,17,01:42.9,192.9,102.9,102900,2
1069,853,3,37,15:09:52,24.169,24169,210,17,17,01:42.9,192.9,102.9,102900,2
1070,853,1,13,13:24:11,25.094,25094,210,15,18,01:21.4,190.344,81.4,81400,2
1070,853,2,58,14:28:22,23.637,23637,210,15,18,01:21.4,190.344,81.4,81400,2
1071,853,1,7,14:12:56,17.995,17995,210,19,17,01:15.0,206.958,75,75000,2
1071,853,2,8,14:15:10,18.467,18467,210,19,17,01:15.0,206.958,75,75000,2
1071,853,3,34,14:50:55,23.546,23546,210,19,17,01:15.0,206.958,75,75000,2
1072,853,1,13,20:59:05,16:59.2,1019226,210,20,0,01:37.0,229.036,97,97000,2
1051,854,1,22,17:37:38,25.881,25881,210,19,16,01:28.4,219.065,88.4,88400,2
1052,854,1,14,18:32:58,25.798,25798,210,18,16,01:36.1,202.667,96.1,96100,2
1052,854,2,33,19:04:27,25.343,25343,210,18,16,01:36.1,202.667,96.1,96100,2
1053,854,1,5,15:15:11,51.007,51007,210,18,16,01:19.2,223.156,79.2,79200,2
1053,854,2,21,15:41:24,32.479,32479,210,18,16,01:19.2,223.156,79.2,79200,2
1053,854,3,31,15:58:20,25:21.5,1521462,210,18,16,01:19.2,223.156,79.2,79200,2
1053,854,4,32,16:25:16,51.222,51222,210,18,16,01:19.2,223.156,79.2,79200,2
1054,854,1,2,15:06:40,22.019,22019,210,19,17,01:22.8,202.414,82.8,82800,2
1054,854,2,3,15:09:00,21.454,21454,210,19,17,01:22.8,202.414,82.8,82800,2
1054,854,3,32,15:52:09,27.245,27245,210,19,17,01:22.8,202.414,82.8,82800,2
1055,854,1,23,15:37:59,24.006,24006,210,18,18,01:22.6,203.661,82.6,82600,2
1055,854,2,50,16:16:33,22.31,22310,210,18,18,01:22.6,203.661,82.6,82600,2
1056,854,1,37,15:52:43,24.797,24797,210,20,18,01:16.4,157.189,76.4,76400,2
1057,854,1,8,16:19:00,22.44,22440,210,17,13,01:47.6,200.799,107.6,107600,2
1057,854,2,34,17:09:16,01:09.8,69761,210,17,13,01:47.6,200.799,107.6,107600,2
1057,854,3,44,17:28:35,21.587,21587,210,17,13,01:47.6,200.799,107.6,107600,2
1057,854,4,47,17:35:06,15.058,15058,210,17,13,01:47.6,200.799,107.6,107600,2
1057,854,5,48,17:37:47,33:34.2,2014176,210,17,13,01:47.6,200.799,107.6,107600,2
1058,854,1,33,15:43:09,22.4,22400,210,19,16,01:10.0,222.052,70,70000,2
1059,854,1,15,15:29:09,31.457,31457,210,15,19,01:38.8,212.765,98.8,98800,2
1060,854,1,34,15:45:26,21.798,21798,210,19,18,01:09.4,224.007,69.4,69400,2
1061,854,1,2,15:08:30,34:35.7,2075728,210,18,18,01:32.9,228.377,92.9,92900,2
1061,854,2,24,16:20:00,29.319,29319,210,18,18,01:32.9,228.377,92.9,92900,2
1062,854,1,2,15:08:22,24:17.0,1457042,210,20,12,01:22.7,190.683,82.7,82700,2
1062,854,2,3,15:34:42,36.813,36813,210,20,12,01:22.7,190.683,82.7,82700,2
1062,854,3,34,16:19:34,22.113,22113,210,20,12,01:22.7,190.683,82.7,82700,2
1064,854,1,4,15:08:42,35.573,35573,210,17,18,01:15.9,201.936,75.9,75900,2
1064,854,2,30,15:43:39,24.578,24578,210,17,18,01:15.9,201.936,75.9,75900,2
1065,854,1,23,15:37:49,24.714,24714,210,18,15,01:26.7,240.52,86.7,86700,2
1066,854,1,20,15:38:36,29.996,29996,210,14,0,01:40.3,209.948,100.3,100300,2
1067,854,1,39,16:07:05,23.892,23892,210,14,19,01:34.2,203.98,94.2,94200,2
1069,854,1,11,14:23:10,24.293,24293,210,16,16,01:41.4,195.737,101.4,101400,2
1069,854,2,34,15:03:41,24.247,24247,210,16,16,01:41.4,195.737,101.4,101400,2
1071,854,1,7,14:12:57,17.861,17861,210,18,18,01:13.8,210.215,73.8,73800,2
1071,854,2,8,14:15:11,18.588,18588,210,18,18,01:13.8,210.215,73.8,73800,2
1071,854,3,11,14:20:29,41.173,41173,210,18,18,01:13.8,210.215,73.8,73800,2
1071,854,4,29,14:44:54,25.597,25597,210,18,18,01:13.8,210.215,73.8,73800,2
1071,854,5,61,15:26:09,24.627,24627,210,18,18,01:13.8,210.215,73.8,73800,2
1073,854,1,10,17:18:55,22.124,22124,210,19,14,01:29.5,212.522,89.5,89500,2
1073,854,2,52,18:23:42,22.07,22070,210,19,14,01:29.5,212.522,89.5,89500,2