raceId,driverId,stop,lap,time,duration,milliseconds,constructorId,grid,position,fastestLapTime,fastestLapSpeed,engineType
1051,852,1,9,17:17:42,25.659,25659,,,,,,
1051,8,1,10,17:19:14,26.174,26174,,,,,,
1051,842,1,13,17:23:37,25.63,25630,,,,,,
1051,841,1,15,17:26:54,25.987,25987,,,,,,
1051,830,1,17,17:29:03,25.3,25300,,,,,,
1051,847,1,17,17:30:00,26.121,26121,,,,,,
1051,1,1,18,17:30:21,25.235,25235,,,,,,
1051,849,1,18,17:31:31,25.811,25811,,,,,,
1051,815,1,19,17:32:28,25.419,25419,,,,,,
1051,854,1,22,17:37:38,25.881,25881,,,,,,
1051,4,1,23,17:38:20,25.991,25991,,,,,,
1051,840,1,23,17:38:40,26.157,26157,,,,,,
1051,839,1,24,17:40:07,25.517,25517,,,,,,
1051,846,1,25,17:41:32,25.319,25319,,,,,,
1051,817,1,26,17:43:19,25.562,25562,,,,,,
1051,20,1,26,17:43:20,25.726,25726,,,,,,
1051,832,1,27,17:44:36,25.639,25639,,,,,,
1051,844,1,27,17:44:46,25.799,25799,,,,,,
1051,8,2,30,17:49:40,25.633,25633,,,,,,
1051,853,1,31,17:51:36,26.515,26515,,,,,,
1051,841,2,32,17:52:43,25.347,25347,,,,,,
1051,822,1,33,17:53:44,36.341,36341,,,,,,
1051,852,2,34,17:55:29,26.674,26674,,,,,,
1051,842,2,35,17:56:42,26.109,26109,,,,,,
1051,830,2,41,18:04:20,25.175,25175,,,,,,
1051,815,2,41,18:05:15,25.42,25420,,,,,,
1051,1,2,42,18:05:37,25.381,25381,,,,,,
1051,846,2,49,18:17:08,26.552,26552,,,,,,
1051,847,2,49,18:18:36,35.006,35006,,,,,,
1051,830,3,55,18:24:59,25.465,25465,,,,,,
1052,815,1,2,18:11:56,23.993,23993,,,,,,
1052,842,1,4,18:16:14,38.338,38338,,,,,,
1052,4,1,11,18:27:32,24.373,24373,,,,,,
1052,846,1,12,18:29:05,24.899,24899,,,,,,
1052,844,1,12,18:29:06,24.925,24925,,,,,,
1052,840,1,12,18:29:09,24.884,24884,,,,,,
1052,841,1,12,18:29:14,31.998,31998,,,,,,
1052,1,1,13,18:30:29,24.839,24839,,,,,,
1052,817,1,13,18:30:45,24.688,24688,,,,,,
1052,8,1,13,18:30:52,24.107,24107,,,,,,
1052,839,1,13,18:30:55,25.226,25226,,,,,,
1052,847,1,13,18:31:02,24.621,24621,,,,,,
1052,849,1,14,18:32:44,26.046,26046,,,,,,
1052,854,1,14,18:32:58,25.798,25798,,,,,,
1052,832,1,15,18:34:04,24.353,24353,,,,,,
1052,852,1,15,18:34:12,25.046,25046,,,,,,
1052,822,1,16,18:35:24,24.262,24262,,,,,,
1052,830,1,17,18:36:54,24.767,24767,,,,,,
1052,815,2,19,18:40:35,24.105,24105,,,,,,
1052,842,2,19,18:41:17,24.317,24317,,,,,,
1052,20,1,24,18:49:08,24.626,24626,,,,,,
1052,1,2,28,18:54:40,24.076,24076,,,,,,
1052,840,2,28,18:55:23,25.525,25525,,,,,,
1052,8,2,29,18:57:06,24.046,24046,,,,,,
1052,4,2,29,18:57:13,24.775,24775,,,,,,
1052,822,2,30,18:57:58,32.897,32897,,,,,,
1052,841,2,30,18:58:53,24.223,24223,,,,,,
1052,839,2,31,19:00:29,24.471,24471,,,,,,
1052,844,2,32,19:01:40,24.176,24176,,,,,,
1052,817,2,32,19:01:44,24.655,24655,,,,,,
1052,849,2,32,19:02:32,23.983,23983,,,,,,
1052,846,2,33,19:03:11,25.64,25640,,,,,,
1052,852,2,33,19:03:36,24.328,24328,,,,,,
1052,854,2,33,19:04:27,25.343,25343,,,,,,
1052,847,2,36,19:08:48,24.248,24248,,,,,,
1052,832,2,37,19:09:53,24.341,24341,,,,,,
1052,815,3,38,19:11:20,24.191,24191,,,,,,
1052,830,2,39,19:12:13,23.848,23848,,,,,,
1052,842,3,39,19:13:55,24.983,24983,,,,,,
1052,822,3,54,19:36:21,24.566,24566,,,,,,
1053,839,1,1,15:05:16,30.866,30866,,,,,,
1053,20,1,3,15:10:09,32.024,32024,,,,,,
1053,854,1,5,15:15:11,51.007,51007,,,,,,
1053,853,1,12,15:27:20,31.168,31168,,,,,,
1053,842,1,14,15:30:10,31.068,31068,,,,,,
1053,20,2,20,15:39:11,31.184,31184,,,,,,
1053,854,2,21,15:41:24,32.479,32479,,,,,,
1053,20,3,22,15:42:52,39.502,39502,,,,,,
1053,853,2,23,15:45:20,31.5,31500,,,,,,
1053,852,1,25,15:46:39,30.696,30696,,,,,,
1053,847,1,26,15:47:53,29.983,29983,,,,,,
1053,8,1,26,15:47:55,30.28,30280,,,,,,
1053,830,1,27,15:47:59,29.809,29809,,,,,,
1053,842,2,26,15:48:45,32.277,32277,,,,,,
1053,832,1,27,15:48:51,30.856,30856,,,,,,
1053,817,1,27,15:48:57,34.34,34340,,,,,,
1053,840,1,27,15:49:16,31.138,31138,,,,,,
1053,1,1,28,15:49:27,32.112,32112,,,,,,
1053,841,1,27,15:49:32,32.299,32299,,,,,,
1053,839,2,27,15:49:42,30.652,30652,,,,,,
1053,844,1,28,15:49:43,31.002,31002,,,,,,
1053,815,1,28,15:49:58,44.608,44608,,,,,,
1053,846,1,28,15:50:11,30.654,30654,,,,,,
1053,822,1,28,15:50:46,30.167,30167,,,,,,
1053,4,1,28,15:51:18,30.864,30864,,,,,,
1053,1,2,31,15:55:30,38.198,38198,,,,,,
1053,839,3,31,15:56:23,30.701,30701,,,,,,
1053,830,2,33,15:58:11,27:01.4,1621361,,,,,,
1053,840,2,32,15:58:13,24:52.1,1492090,,,,,,
1053,8,2,32,15:58:16,24:52.6,1492612,,,,,,
1053,1,3,32,15:58:17,24:54.7,1494731,,,,,,
1053,854,3,31,15:58:20,25:21.5,1521462,,,,,,
1053,852,2,32,15:58:24,24:51.4,1491384,,,,,,
1053,841,2,32,15:58:26,24:56.5,1496541,,,,,,
1053,844,2,33,15:58:28,26:49.5,1609484,,,,,,
1053,4,2,32,15:58:37,24:48.4,1488372,,,,,,
1053,839,4,32,15:58:48,24:39.0,1478974,,,,,,
1053,853,3,31,15:58:57,24:46.2,1486154,,,,,,
1053,846,2,33,15:59:06,26:25.0,1584953,,,,,,
1053,815,2,33,15:59:11,26:21.2,1581158,,,,,,
1053,832,2,33,15:59:14,26:22.2,1582211,,,,,,
1053,842,3,32,15:59:18,24:13.5,1453539,,,,,,
1053,20,4,32,15:59:21,24:12.3,1452323,,,,,,
1053,817,2,33,15:59:25,26:14.8,1574827,,,,,,
1053,840,3,33,16:24:36,01:05.4,65390,,,,,,
1053,8,3,33,16:24:42,01:02.9,62892,,,,,,
1053,1,4,33,16:24:48,01:05.9,65870,,,,,,
1053,852,3,33,16:24:52,01:03.3,63280,,,,,,
1053,841,3,33,16:24:58,01:00.2,60172,,,,,,
1053,4,3,33,16:25:04,57.601,57601,,,,,,
1053,839,5,33,16:25:06,56.733,56733,,,,,,
1053,842,4,33,16:25:09,56.083,56083,,,,,,
1053,20,5,33,16:25:15,52.043,52043,,,,,,
1053,854,4,32,16:25:16,51.222,51222,,,,,,
1053,853,4,32,16:25:22,49.729,49729,,,,,,
1053,841,4,40,16:36:13,29.742,29742,,,,,,
1054,822,1,2,15:06:11,21.377,21377,,,,,,
1054,1,1,2,15:06:13,22.426,22426,,,,,,
1054,830,1,2,15:06:14,22.718,22718,,,,,,
1054,832,1,2,15:06:16,22.029,22029,,,,,,
1054,815,1,2,15:06:18,21.89,21890,,,,,,
1054,846,1,2,15:06:19,21.407,21407,,,,,,
1054,839,1,2,15:06:21,21.275,21275,,,,,,
1054,844,1,2,15:06:23,21.323,21323,,,,,,
1054,842,1,2,15:06:24,21.353,21353,,,,,,
1054,20,1,2,15:06:26,21.398,21398,,,,,,
1054,847,1,2,15:06:27,23.532,23532,,,,,,
1054,841,1,2,15:06:29,22.485,22485,,,,,,
1054,817,1,2,15:06:31,21.965,21965,,,,,,
1054,4,1,2,15:06:34,21.452,21452,,,,,,
1054,852,1,2,15:06:36,22.266,22266,,,,,,
1054,840,1,2,15:06:37,22.264,22264,,,,,,
1054,849,1,2,15:06:39,21.97,21970,,,,,,
1054,854,1,2,15:06:40,22.019,22019,,,,,,
1054,853,1,2,15:06:42,21.372,21372,,,,,,
1054,822,2,3,15:08:34,22.072,22072,,,,,,
1054,1,2,3,15:08:36,22.164,22164,,,,,,
1054,830,2,3,15:08:37,22.104,22104,,,,,,
1054,832,2,3,15:08:38,22.244,22244,,,,,,
1054,815,2,3,15:08:39,22.1,22100,,,,,,
1054,846,2,3,15:08:40,22.551,22551,,,,,,
1054,839,2,3,15:08:42,22.24,22240,,,,,,
1054,844,2,3,15:08:43,22.587,22587,,,,,,
1054,842,2,3,15:08:45,22.319,22319,,,,,,
1054,20,2,3,15:08:48,21.75,21750,,,,,,
1054,847,2,3,15:08:48,22.755,22755,,,,,,
1054,841,2,3,15:08:50,22.669,22669,,,,,,
1054,817,2,3,15:08:51,22.355,22355,,,,,,
1054,4,2,3,15:08:53,21.621,21621,,,,,,
1054,852,2,3,15:08:55,22.542,22542,,,,,,
1054,840,2,3,15:08:57,22.176,22176,,,,,,
1054,849,2,3,15:08:58,21.73,21730,,,,,,
1054,854,2,3,15:09:00,21.454,21454,,,,,,
1054,853,2,3,15:09:01,21.404,21404,,,,,,
1054,832,3,21,15:36:07,25.892,25892,,,,,,
1054,852,3,21,15:36:23,26.202,26202,,,,,,
1054,846,3,22,15:37:29,26.952,26952,,,,,,
1054,839,3,22,15:37:35,27.033,27033,,,,,,
1054,20,3,22,15:37:40,26.62,26620,,,,,,
1054,841,3,22,15:37:41,26.729,26729,,,,,,
1054,842,3,24,15:40:23,26.172,26172,,,,,,
1054,849,3,24,15:40:50,26.595,26595,,,,,,
1054,844,3,25,15:41:44,27.082,27082,,,,,,
1054,847,3,28,15:46:30,26.843,26843,,,,,,
1054,853,3,31,15:50:54,27.186,27186,,,,,,
1054,854,3,32,15:52:09,27.245,27245,,,,,,
1054,830,3,35,15:55:06,26.743,26743,,,,,,
1054,822,3,36,15:56:27,26.938,26938,,,,,,
1054,1,3,37,15:57:46,26.907,26907,,,,,,
1054,840,3,39,16:01:22,26.027,26027,,,,,,
1054,4,3,40,16:02:37,26.442,26442,,,,,,
1054,817,3,41,16:03:56,28.639,28639,,,,,,
1054,853,4,43,16:08:31,26.984,26984,,,,,,
1054,815,3,51,16:17:18,26.607,26607,,,,,,
1054,822,4,63,16:33:39,26.573,26573,,,,,,
1054,830,4,64,16:34:55,26.319,26319,,,,,,
1055,841,1,8,15:15:06,54.673,54673,,,,,,
1055,847,1,9,15:17:07,23.814,23814,,,,,,
1055,849,1,9,15:17:10,26.672,26672,,,,,,
1055,842,1,18,15:30:37,28.042,28042,,,,,,
1055,4,1,21,15:34:51,22.043,22043,,,,,,
1055,20,1,21,15:34:52,23.087,23087,,,,,,
1055,832,1,22,15:36:10,21.779,21779,,,,,,
1055,840,1,22,15:36:15,21.756,21756,,,,,,
1055,853,1,22,15:36:40,23.098,23098,,,,,,
1055,822,1,23,15:37:18,22.311,22311,,,,,,
1055,839,1,23,15:37:33,22.798,22798,,,,,,
1055,846,1,23,15:37:35,21.864,21864,,,,,,
1055,854,1,23,15:37:59,24.006,24006,,,,,,
1055,830,1,24,15:38:32,23.565,23565,,,,,,
1055,817,1,25,15:40:16,22.406,22406,,,,,,
1055,815,1,27,15:43:06,22.382,22382,,,,,,
1055,849,2,27,15:43:32,21.424,21424,,,,,,
1055,1,1,28,15:44:07,22.22,22220,,,,,,
1055,844,1,28,15:44:20,21.613,21613,,,,,,
1055,847,2,28,15:44:52,21.919,21919,,,,,,
1055,8,1,37,15:57:41,21.572,21572,,,,,,
1055,20,2,38,15:59:08,21.973,21973,,,,,,
1055,840,2,39,16:00:28,21.432,21432,,,,,,
1055,841,2,39,16:00:52,22.871,22871,,,,,,
1055,1,2,42,16:03:32,22.078,22078,,,,,,
1055,853,2,42,16:05:36,22.502,22502,,,,,,
1055,817,2,46,16:09:49,21.762,21762,,,,,,
1055,832,2,46,16:09:50,21.856,21856,,,,,,
1055,842,2,47,16:11:47,26.065,26065,,,,,,
1055,849,3,50,16:16:19,22.405,22405,,,,,,
1055,854,2,50,16:16:33,22.31,22310,,,,,,
1055,846,2,51,16:17:08,22.467,22467,,,,,,
1055,822,2,53,16:18:52,21.638,21638,,,,,,
1055,815,2,57,16:24:55,21.345,21345,,,,,,
1055,844,2,58,16:26:05,22.292,22292,,,,,,
1055,830,2,60,16:28:18,21.592,21592,,,,,,
1055,4,2,61,16:31:41,23.479,23479,,,,,,
1056,1,1,29,15:40:07,23.783,23783,,,,,,
1056,846,1,30,15:41:20,23.874,23874,,,,,,
1056,842,1,30,15:41:23,24.428,24428,,,,,,
1056,20,1,31,15:42:42,24.369,24369,,,,,,
1056,847,1,31,15:43:46,23.928,23928,,,,,,
1056,832,1,32,15:43:47,24.15,24150,,,,,,
1056,841,1,33,15:45:42,24.521,24521,,,,,,
1056,830,1,34,15:46:10,23.746,23746,,,,,,
1056,815,1,35,15:47:44,24.548,24548,,,,,,
1056,853,1,34,15:48:25,25.202,25202,,,,,,
1056,817,1,36,15:49:52,24.715,24715,,,,,,
1056,839,1,37,15:50:48,23.935,23935,,,,,,
1056,854,1,37,15:52:43,24.797,24797,,,,,,
1056,8,1,43,15:58:41,24.077,24077,,,,,,
1056,849,1,43,15:59:23,23.703,23703,,,,,,
1056,4,1,45,16:01:34,23.803,23803,,,,,,
1056,840,1,58,16:17:28,23.474,23474,,,,,,
1056,852,1,64,16:26:09,24.43,24430,,,,,,
1056,1,2,67,16:28:48,24.244,24244,,,,,,
1057,847,1,1,16:06:06,19.97,19970,,,,,,
1057,841,1,2,16:07:56,20.402,20402,,,,,,
1057,4,1,7,16:16:54,20.168,20168,,,,,,
1057,846,1,7,16:16:56,20.533,20533,,,,,,
1057,854,1,8,16:19:00,22.44,22440,,,,,,
1057,844,1,9,16:20:20,19.836,19836,,,,,,
1057,852,1,9,16:20:28,20.253,20253,,,,,,
1057,849,1,9,16:20:47,22.149,22149,,,,,,
1057,853,1,9,16:20:57,21.759,21759,,,,,,
1057,832,1,10,16:22:11,20.064,20064,,,,,,
1057,1,1,11,16:23:50,22.47,22470,,,,,,
1057,842,1,11,16:23:55,20.156,20156,,,,,,
1057,822,1,11,16:24:08,20.356,20356,,,,,,
1057,817,1,11,16:24:12,20.082,20082,,,,,,
1057,830,1,12,16:25:37,19.769,19769,,,,,,
1057,815,1,13,16:27:25,21.874,21874,,,,,,
1057,8,1,13,16:27:59,20.048,20048,,,,,,
1057,20,1,18,16:36:33,19.841,19841,,,,,,
1057,4,2,34,17:09:13,19.983,19983,,,,,,
1057,841,2,34,17:09:14,20.193,20193,,,,,,
1057,847,2,34,17:09:15,20.029,20029,,,,,,
1057,854,2,34,17:09:16,01:09.8,69761,,,,,,
1057,853,2,34,17:11:01,21.958,21958,,,,,,
1057,854,3,44,17:28:35,21.587,21587,,,,,,
1057,853,3,44,17:29:37,24.78,24780,,,,,,
1057,815,2,47,17:33:39,15.277,15277,,,,,,
1057,1,2,47,17:33:39,15.432,15432,,,,,,
1057,20,2,47,17:33:42,14.945,14945,,,,,,
1057,842,2,47,17:33:45,15.085,15085,,,,,,
1057,844,2,47,17:33:48,15.092,15092,,,,,,
1057,852,2,47,17:33:50,14.943,14943,,,,,,
1057,846,2,47,17:33:53,15.866,15866,,,,,,
1057,832,2,47,17:33:56,15.119,15119,,,,,,
1057,817,2,47,17:34:01,14.994,14994,,,,,,
1057,4,3,47,17:34:03,15.432,15432,,,,,,
1057,8,2,47,17:34:05,15.064,15064,,,,,,
1057,841,3,47,17:34:07,14.881,14881,,,,,,
1057,822,2,47,17:34:08,21.346,21346,,,,,,
1057,847,3,47,17:34:08,21.438,21438,,,,,,
1057,853,4,46,17:34:18,15.054,15054,,,,,,
1057,854,4,47,17:35:06,15.058,15058,,,,,,
1057,815,3,48,17:36:45,33:18.5,1998466,,,,,,
1057,1,3,48,17:36:47,33:20.9,2000923,,,,,,
1057,20,3,48,17:36:49,33:20.4,2000416,,,,,,
1057,842,3,48,17:36:52,33:21.8,2001830,,,,,,
1057,844,3,48,17:36:53,33:22.5,2002544,,,,,,
1057,852,3,48,17:36:55,33:23.5,2003526,,,,,,
1057,846,3,48,17:36:57,33:30.4,2010409,,,,,,
1057,832,3,48,17:36:58,33:32.7,2012724,,,,,,
1057,817,3,48,17:37:00,33:35.2,2015163,,,,,,
1057,4,4,48,17:37:04,33:34.5,2014526,,,,,,
1057,8,3,48,17:37:06,33:36.4,2016437,,,,,,
1057,841,4,48,17:37:08,33:37.3,2017324,,,,,,
1057,849,2,48,17:37:10,34:08.2,2048175,,,,,,
1057,822,3,48,17:37:13,33:55.2,2035229,,,,,,
1057,847,4,48,17:37:18,33:56.2,2036172,,,,,,
1057,853,5,47,17:37:20,30:29.0,1828965,,,,,,
1057,854,5,48,17:37:47,33:34.2,2014176,,,,,,
1057,853,6,48,18:09:58,01:26.4,86440,,,,,,
1058,844,1,1,15:04:22,28.386,28386,,,,,,
1058,849,1,1,15:04:58,26.419,26419,,,,,,
1058,853,1,21,15:28:40,22.759,22759,,,,,,
1058,841,1,23,15:30:50,21.21,21210,,,,,,
1058,847,1,25,15:33:03,37.309,37309,,,,,,
1058,815,1,26,15:33:46,23.477,23477,,,,,,
1058,849,2,25,15:34:10,21.953,21953,,,,,,
1058,852,1,26,15:34:15,21.234,21234,,,,,,
1058,847,2,26,15:34:49,46.315,46315,,,,,,
1058,822,1,27,15:34:56,21.752,21752,,,,,,
1058,4,1,27,15:35:25,21.131,21131,,,,,,
1058,20,1,27,15:35:28,21.546,21546,,,,,,
1058,1,1,28,15:35:48,21.219,21219,,,,,,
1058,840,1,28,15:36:35,20.936,20936,,,,,,
1058,830,1,29,15:36:53,20.936,20936,,,,,,
1058,846,1,31,15:39:53,21.692,21692,,,,,,
1058,854,1,33,15:43:09,22.4,22400,,,,,,
1058,8,1,36,15:46:10,21.227,21227,,,,,,
1058,839,1,36,15:46:14,21.238,21238,,,,,,
1058,844,2,37,15:47:22,21.924,21924,,,,,,
1058,832,1,41,15:51:48,21.226,21226,,,,,,
1058,817,1,41,15:52:04,21.41,21410,,,,,,
1058,815,2,54,16:06:26,20.961,20961,,,,,,
1058,1,2,69,16:23:22,21.64,21640,,,,,,
1059,844,1,14,15:26:59,30.798,30798,,,,,,
1059,852,1,15,15:28:52,30.226,30226,,,,,,
1059,854,1,15,15:29:09,31.457,31457,,,,,,
1059,817,1,16,15:30:21,29.951,29951,,,,,,
1059,822,1,17,15:31:34,30.572,30572,,,,,,
1059,832,1,17,15:32:00,30.534,30534,,,,,,
1059,842,1,17,15:32:01,30.781,30781,,,,,,
1059,847,1,17,15:32:17,30.092,30092,,,,,,
1059,830,1,18,15:33:10,29.803,29803,,,,,,
1059,4,1,18,15:33:49,31.288,31288,,,,,,
1059,849,1,18,15:34:01,29.775,29775,,,,,,
1059,1,1,19,15:34:46,30.263,30263,,,,,,
1059,815,1,24,15:43:14,29.682,29682,,,,,,
1059,846,1,24,15:43:44,30.531,30531,,,,,,
1059,839,1,28,15:50:47,30.207,30207,,,,,,
1059,841,1,28,15:50:48,30.586,30586,,,,,,
1059,853,1,31,15:56:17,30.983,30983,,,,,,
1059,830,2,32,15:56:20,30.123,30123,,,,,,
1059,8,1,33,15:59:18,31.327,31327,,,,,,
1059,840,1,34,16:00:37,30.996,30996,,,,,,
1059,20,1,37,16:05:29,31.069,31069,,,,,,
1059,844,2,38,16:07:29,31.368,31368,,,,,,
1060,841,1,1,15:04:39,21.129,21129,,,,,,
1060,852,1,12,15:18:55,21.145,21145,,,,,,
1060,842,1,13,15:20:04,22.564,22564,,,,,,
1060,840,1,14,15:21:20,21.391,21391,,,,,,
1060,20,1,17,15:24:54,21.086,21086,,,,,,
1060,853,1,27,15:37:15,22,22000,,,,,,
1060,817,1,29,15:38:55,21.151,21151,,,,,,
1060,841,2,29,15:39:18,27.122,27122,,,,,,
1060,846,1,30,15:39:39,26.474,26474,,,,,,
1060,822,1,30,15:39:41,21.071,21071,,,,,,
1060,847,1,30,15:40:16,21.606,21606,,,,,,
1060,1,1,31,15:40:45,21.005,21005,,,,,,
1060,830,1,32,15:41:42,21.09,21090,,,,,,
1060,815,1,32,15:42:28,21.735,21735,,,,,,
1060,4,1,32,15:42:41,22.663,22663,,,,,,
1060,849,1,33,15:44:01,21.152,21152,,,,,,
1060,844,1,34,15:44:47,21.143,21143,,,,,,
1060,854,1,34,15:45:26,21.798,21798,,,,,,
1060,8,1,37,15:48:30,21.896,21896,,,,,,
1060,842,2,45,15:57:48,20.85,20850,,,,,,
1060,853,2,45,15:58:58,23.182,23182,,,,,,
1060,840,2,46,15:59:19,21.472,21472,,,,,,
1060,832,1,48,16:01:07,21.431,21431,,,,,,
1060,20,2,49,16:02:39,20.841,20841,,,,,,
1060,852,2,51,16:04:57,26.604,26604,,,,,,
1060,1,2,53,16:06:32,21.421,21421,,,,,,
1060,830,2,60,16:14:03,21.236,21236,,,,,,
1061,844,1,2,15:07:57,34:07.7,2047731,,,,,,
1061,1,1,2,15:08:00,34:08.4,2048376,,,,,,
1061,822,1,2,15:08:02,34:09.1,2049149,,,,,,
1061,846,1,2,15:08:03,34:12.2,2052218,,,,,,
1061,817,1,2,15:08:05,34:11.3,2051281,,,,,,
1061,20,1,2,15:08:08,34:15.2,2055222,,,,,,
1061,4,1,2,15:08:10,34:18.6,2058580,,,,,,
1061,832,1,2,15:08:12,34:19.1,2059122,,,,,,
1061,8,1,2,15:08:14,34:23.0,2062984,,,,,,
1061,839,1,2,15:08:16,34:27.0,2066994,,,,,,
1061,840,1,2,15:08:18,34:27.9,2067861,,,,,,
1061,842,1,2,15:08:21,34:27.2,2067244,,,,,,
1061,841,1,2,15:08:22,34:30.3,2070250,,,,,,
1061,847,1,2,15:08:25,34:32.5,2072543,,,,,,
1061,852,1,2,15:08:28,34:35.7,2075695,,,,,,
1061,854,1,2,15:08:30,34:35.7,2075728,,,,,,
1061,849,1,2,15:08:32,34:37.2,2077164,,,,,,
1061,853,1,2,15:08:35,34:37.0,2076977,,,,,,
1061,815,1,2,15:08:37,34:36.4,2076405,,,,,,
1061,8,2,18,16:09:59,28.11,28110,,,,,,
1061,815,2,18,16:10:00,27.892,27892,,,,,,
1061,847,2,18,16:10:03,27.812,27812,,,,,,
1061,20,2,18,16:10:08,28.145,28145,,,,,,
1061,839,2,19,16:11:30,28.772,28772,,,,,,
1061,849,2,19,16:11:41,27.543,27543,,,,,,
1061,817,2,20,16:12:48,28.817,28817,,,,,,
1061,846,2,21,16:14:08,31.706,31706,,,,,,
1061,822,2,22,16:15:42,28.209,28209,,,,,,
1061,840,2,23,16:17:39,28.213,28213,,,,,,
1061,841,2,23,16:17:51,28.137,28137,,,,,,
1061,4,2,24,16:19:10,29.743,29743,,,,,,
1061,854,2,24,16:20:00,29.319,29319,,,,,,
1061,853,2,25,16:21:37,29.253,29253,,,,,,
1061,1,2,27,16:23:17,40.266,40266,,,,,,
1061,832,2,28,16:25:06,37.509,37509,,,,,,
1061,842,2,28,16:25:29,28.685,28685,,,,,,
1061,844,2,29,16:26:18,28.433,28433,,,,,,
1061,852,2,30,16:28:42,29.134,29134,,,,,,
1061,815,3,38,16:41:17,27.848,27848,,,,,,
1061,842,3,46,16:53:40,28.18,28180,,,,,,
1061,815,4,48,16:56:54,29.082,29082,,,,,,
1062,830,1,1,15:05:21,22.569,22569,,,,,,
1062,853,1,1,15:05:28,23.715,23715,,,,,,
1062,846,1,1,15:05:33,38.267,38267,,,,,,
1062,841,1,1,15:05:53,26.573,26573,,,,,,
1062,1,1,2,15:07:57,24:09.3,1449259,,,,,,
1062,839,1,2,15:07:59,24:10.2,1450190,,,,,,
1062,20,1,2,15:08:02,24:11.9,1451890,,,,,,
1062,832,1,2,15:08:04,24:12.5,1452527,,,,,,
1062,852,1,2,15:08:08,24:13.6,1453630,,,,,,
1062,849,1,2,15:08:10,24:14.4,1454435,,,,,,
1062,4,1,2,15:08:13,24:15.0,1454979,,,,,,
1062,847,1,2,15:08:17,24:17.5,1457487,,,,,,
1062,8,1,2,15:08:20,24:17.8,1457844,,,,,,
1062,854,1,2,15:08:22,24:17.0,1457042,,,,,,
1062,842,1,2,15:08:25,24:17.6,1457615,,,,,,
1062,817,1,2,15:08:28,24:17.1,1457127,,,,,,
1062,830,2,2,15:08:31,24:16.3,1456349,,,,,,
1062,853,2,2,15:08:34,24:17.4,1457420,,,,,,
1062,841,2,2,15:08:38,24:16.3,1456349,,,,,,
1062,839,2,3,15:34:31,39.522,39522,,,,,,
1062,20,2,3,15:34:31,40.882,40882,,,,,,
1062,832,2,3,15:34:32,42.786,42786,,,,,,
1062,852,2,3,15:34:33,40.74,40740,,,,,,
1062,849,2,3,15:34:34,39.081,39081,,,,,,
1062,4,2,3,15:34:40,37.122,37122,,,,,,
1062,847,2,3,15:34:41,29.374,29374,,,,,,
1062,8,2,3,15:34:41,35.451,35451,,,,,,
1062,854,2,3,15:34:42,36.813,36813,,,,,,
1062,842,2,3,15:34:43,39.839,39839,,,,,,
1062,817,2,3,15:34:43,34.492,34492,,,,,,
1062,830,3,3,15:34:44,35.245,35245,,,,,,
1062,841,3,3,15:34:48,36.899,36899,,,,,,
1062,1,2,4,15:36:34,21.731,21731,,,,,,
1062,841,4,11,15:46:53,29.191,29191,,,,,,
1062,8,3,15,15:52:26,36.457,36457,,,,,,
1062,1,3,19,15:58:08,21.516,21516,,,,,,
1062,817,3,20,15:59:29,21.623,21623,,,,,,
1062,830,4,20,15:59:31,21.047,21047,,,,,,
1062,847,3,21,16:00:52,22.186,22186,,,,,,
1062,852,3,22,16:02:06,21.819,21819,,,,,,
1062,849,3,23,16:03:29,22.704,22704,,,,,,
1062,842,3,30,16:13:24,21.295,21295,,,,,,
1062,832,3,32,16:15:52,21.951,21951,,,,,,
1062,841,5,33,16:18:12,21.874,21874,,,,,,
1062,854,3,34,16:19:34,22.113,22113,,,,,,
1062,20,3,36,16:21:14,22.703,22703,,,,,,
1062,839,3,37,16:22:34,21.642,21642,,,,,,
1062,4,3,39,16:25:35,21.523,21523,,,,,,
1062,830,5,40,16:27:50,20.848,20848,,,,,,
1062,1,4,47,16:36:41,21.208,21208,,,,,,
1062,8,4,53,16:45:57,21.172,21172,,,,,,
1062,842,4,68,17:05:56,21.543,21543,,,,,,
1064,854,1,4,15:08:42,35.573,35573,,,,,,
1064,815,1,8,15:13:52,19.287,19287,,,,,,
1064,20,1,10,15:16:24,18.664,18664,,,,,,
1064,1,1,20,15:28:18,19.77,19770,,,,,,
1064,830,1,21,15:29:30,19.142,19142,,,,,,
1064,849,1,23,15:33:19,20.646,20646,,,,,,
1064,842,1,24,15:33:50,19.163,19163,,,,,,
1064,841,1,27,15:38:13,19.049,19049,,,,,,
1064,847,1,27,15:38:14,18.634,18634,,,,,,
1064,840,1,27,15:38:17,19.389,19389,,,,,,
1064,817,1,30,15:42:01,19.449,19449,,,,,,
1064,822,1,31,15:42:24,18.873,18873,,,,,,
1064,832,1,31,15:42:58,20.327,20327,,,,,,
1064,839,1,31,15:43:12,19.24,19240,,,,,,
1064,852,1,31,15:43:30,19.85,19850,,,,,,
1064,854,2,30,15:43:39,24.578,24578,,,,,,
1064,4,1,33,15:45:41,19.018,19018,,,,,,
1064,841,2,33,15:46:17,20.043,20043,,,,,,
1064,853,1,33,15:46:35,19.999,19999,,,,,,
1064,844,1,34,15:46:39,19.49,19490,,,,,,
1064,1,2,39,15:52:19,18.868,18868,,,,,,
1064,830,2,40,15:53:30,18.578,18578,,,,,,
1064,9,1,40,15:55:29,19.708,19708,,,,,,
1064,846,1,42,15:57:26,20.443,20443,,,,,,
1064,20,2,44,16:00:37,18.681,18681,,,,,,
1064,815,2,47,16:03:51,18.555,18555,,,,,,
1064,822,2,67,16:27:35,21.73,21730,,,,,,
1064,1,3,70,16:30:49,19.202,19202,,,,,,
1064,847,2,68,16:30:57,25.533,25533,,,,,,
1065,841,1,1,15:05:21,37.19,37190,,,,,,
1065,817,1,22,15:35:18,23.812,23812,,,,,,
1065,20,1,22,15:35:56,25.157,25157,,,,,,
1065,830,1,23,15:36:46,32.456,32456,,,,,,
1065,849,1,23,15:37:22,24.168,24168,,,,,,
1065,854,1,23,15:37:49,24.714,24714,,,,,,
1065,846,1,24,15:38:19,24.168,24168,,,,,,
1065,853,1,24,15:39:22,24.928,24928,,,,,,
1065,1,1,25,15:39:44,25.619,25619,,,,,,
1065,840,1,25,15:40:09,24.846,24846,,,,,,
1065,4,1,25,15:40:14,24.797,24797,,,,,,
1065,841,2,25,15:40:55,30.551,30551,,,,,,
1065,844,1,26,15:41:30,24.557,24557,,,,,,
1065,815,1,26,15:41:34,23.906,23906,,,,,,
1065,832,1,26,15:41:48,24.283,24283,,,,,,
1065,822,1,26,15:41:50,24.308,24308,,,,,,
1065,839,1,26,15:42:10,30.333,30333,,,,,,
1065,847,1,26,15:42:13,24.156,24156,,,,,,
1065,9,1,26,15:42:21,24.501,24501,,,,,,
1065,20,2,26,15:42:41,25.927,25927,,,,,,
1065,853,2,28,15:47:13,24.806,24806,,,,,,
1065,853,3,39,16:05:25,30.917,30917,,,,,,
1066,840,1,12,15:24:13,30.241,30241,,,,,,
1066,847,1,13,15:25:55,30.665,30665,,,,,,
1066,849,1,13,15:26:27,30.056,30056,,,,,,
1066,852,1,13,15:26:28,30.112,30112,,,,,,
1066,832,1,14,15:27:33,30.715,30715,,,,,,
1066,853,1,14,15:28:09,30.127,30127,,,,,,
1066,839,1,15,15:29:27,29.901,29901,,,,,,
1066,8,1,15,15:29:28,30.102,30102,,,,,,
1066,854,1,20,15:38:36,29.996,29996,,,,,,
1066,817,1,22,15:41:11,33.617,33617,,,,,,
1066,1,1,26,15:47:52,29.878,29878,,,,,,
1066,830,1,26,15:47:58,29.578,29578,,,,,,
1066,20,1,26,15:48:09,29.242,29242,,,,,,
1066,846,1,28,15:51:03,29.824,29824,,,,,,
1066,822,1,28,15:51:35,29.936,29936,,,,,,
1066,842,1,33,16:00:00,29.354,29354,,,,,,
1066,844,1,35,16:03:07,31.849,31849,,,,,,
1066,815,1,36,16:04:32,36.026,36026,,,,,,
1066,4,1,36,16:04:40,30.157,30157,,,,,,
1066,841,1,36,16:05:27,30.081,30081,,,,,,
1066,847,2,47,16:23:56,32.081,32081,,,,,,
1066,822,2,47,16:23:58,29.569,29569,,,,,,
1066,8,2,47,16:23:59,30.131,30131,,,,,,
1066,853,2,46,16:24:05,33.931,33931,,,,,,
1066,852,2,47,16:24:44,30.98,30980,,,,,,
1066,830,2,48,16:25:32,31.017,31017,,,,,,
1066,832,2,48,16:25:33,30.677,30677,,,,,,
1066,817,2,48,16:25:35,31.016,31016,,,,,,
1066,840,2,48,16:26:01,43.124,43124,,,,,,
1066,1,2,49,16:26:32,30.045,30045,,,,,,
1066,852,3,49,16:29:31,30.972,30972,,,,,,
1066,4,2,50,16:29:34,30.702,30702,,,,,,
1066,815,2,50,16:29:36,32.313,32313,,,,,,
1066,20,2,50,16:30:10,32.128,32128,,,,,,
1066,842,2,50,16:30:49,31.915,31915,,,,,,
1066,839,2,50,16:30:58,33.264,33264,,,,,,
1066,841,2,50,16:31:14,33.961,33961,,,,,,
1066,846,2,51,16:31:33,32.67,32670,,,,,,
1066,844,2,51,16:32:51,32.648,32648,,,,,,
1067,817,1,21,15:37:18,23.028,23028,,,,,,
1067,4,1,30,15:51:43,29.116,29116,,,,,,
1067,846,1,34,15:57:20,23.239,23239,,,,,,
1067,849,1,34,15:58:22,24.104,24104,,,,,,
1067,852,1,35,15:59:39,23.329,23329,,,,,,
1067,847,1,35,15:59:42,23.551,23551,,,,,,
1067,830,1,36,15:59:52,22.442,22442,,,,,,
1067,832,1,36,16:00:33,28.353,28353,,,,,,
1067,853,1,35,16:00:40,23.829,23829,,,,,,
1067,20,1,36,16:00:56,23.5,23500,,,,,,
1067,822,1,37,16:01:20,22.962,22962,,,,,,
1067,815,1,37,16:01:47,22.463,22463,,,,,,
1067,8,1,37,16:02:50,23.164,23164,,,,,,
1067,20,2,37,16:03:36,23.514,23514,,,,,,
1067,842,1,39,16:05:01,29.31,29310,,,,,,
1067,840,1,39,16:05:17,35.509,35509,,,,,,
1067,854,1,39,16:07:05,23.892,23892,,,,,,
1067,841,1,40,16:07:22,23.15,23150,,,,,,
1067,844,1,47,16:17:27,23.646,23646,,,,,,
1067,1,1,50,16:22:19,22.684,22684,,,,,,
1069,853,1,1,14:05:35,30.673,30673,,,,,,
1069,839,1,3,14:09:03,40.8,40800,,,,,,
1069,849,1,5,14:12:39,32.61,32610,,,,,,
1069,4,1,7,14:16:03,23.576,23576,,,,,,
1069,841,1,8,14:17:44,23.993,23993,,,,,,
1069,852,1,9,14:19:23,23.802,23802,,,,,,
1069,847,1,9,14:19:32,23.572,23572,,,,,,
1069,830,1,10,14:20:36,23.727,23727,,,,,,
1069,846,1,10,14:21:01,24.385,24385,,,,,,
1069,842,1,10,14:21:07,23.745,23745,,,,,,
1069,817,1,11,14:22:38,24.176,24176,,,,,,
1069,832,1,11,14:22:41,23.414,23414,,,,,,
1069,854,1,11,14:23:10,24.293,24293,,,,,,
1069,815,1,12,14:24:06,25.018,25018,,,,,,
1069,844,1,12,14:24:15,24.011,24011,,,,,,
1069,8,1,12,14:24:38,24.191,24191,,,,,,
1069,1,1,13,14:25:41,24.481,24481,,,,,,
1069,822,1,15,14:29:44,24.444,24444,,,,,,
1069,20,1,17,14:33:24,24.977,24977,,,,,,
1069,840,1,18,14:35:13,23.827,23827,,,,,,
1069,853,2,24,14:46:40,24.611,24611,,,,,,
1069,849,2,25,14:47:47,23.653,23653,,,,,,
1069,839,2,25,14:47:50,23.919,23919,,,,,,
1069,841,2,26,14:49:12,23.502,23502,,,,,,
1069,4,2,28,14:52:44,23.844,23844,,,,,,
1069,830,2,29,14:52:59,24.052,24052,,,,,,
1069,832,2,29,14:53:43,26.866,26866,,,,,,
1069,815,2,30,14:55:02,23.604,23604,,,,,,
1069,817,2,30,14:55:23,24.036,24036,,,,,,
1069,846,2,30,14:55:31,25.548,25548,,,,,,
1069,8,2,31,14:57:43,24.09,24090,,,,,,
1069,847,2,31,14:58:07,24.98,24980,,,,,,
1069,844,2,32,14:58:34,23.805,23805,,,,,,
1069,852,2,32,14:59:23,23.529,23529,,,,,,
1069,822,2,34,15:02:17,23.619,23619,,,,,,
1069,840,2,34,15:03:12,23.455,23455,,,,,,
1069,854,2,34,15:03:41,24.247,24247,,,,,,
1069,1,2,37,15:06:30,23.676,23676,,,,,,
1069,20,2,38,15:09:49,23.849,23849,,,,,,
1069,853,3,37,15:09:52,24.169,24169,,,,,,
1069,4,3,39,15:11:40,23.314,23314,,,,,,
1070,817,1,1,13:05:11,38.128,38128,,,,,,
1070,822,1,1,13:05:16,22.463,22463,,,,,,
1070,849,1,11,13:21:22,23.681,23681,,,,,,
1070,840,1,12,13:22:45,23.586,23586,,,,,,
1070,853,1,13,13:24:11,25.094,25094,,,,,,
1070,839,1,14,13:25:30,23.1,23100,,,,,,
1070,847,1,15,13:26:51,21.984,21984,,,,,,
1070,841,1,16,13:28:00,22.205,22205,,,,,,
1070,1,1,29,13:45:17,22.373,22373,,,,,,
1070,844,1,30,13:47:01,22.085,22085,,,,,,
1070,842,1,31,13:48:20,22.549,22549,,,,,,
1070,8,1,32,13:50:02,22.424,22424,,,,,,
1070,830,1,33,13:50:33,21.908,21908,,,,,,
1070,20,1,33,13:51:22,22.277,22277,,,,,,
1070,840,2,34,13:53:37,26.056,26056,,,,,,
1070,817,2,38,13:58:47,22.813,22813,,,,,,
1070,4,1,39,13:59:43,23.985,23985,,,,,,
1070,815,1,40,14:00:14,22.114,22114,,,,,,
1070,822,2,40,14:01:30,31.664,31664,,,,,,
1070,832,1,42,14:03:25,22.031,22031,,,,,,
1070,846,1,44,14:06:38,22.534,22534,,,,,,
1070,849,2,49,14:14:59,22.739,22739,,,,,,
1070,853,2,58,14:28:22,23.637,23637,,,,,,
1070,822,3,63,14:33:17,22.68,22680,,,,,,
1070,822,4,67,14:39:06,26.443,26443,,,,,,
1071,846,1,1,14:04:50,27.313,27313,,,,,,
1071,852,1,4,14:08:22,31.939,31939,,,,,,
1071,847,1,6,14:11:08,22.978,22978,,,,,,
1071,852,2,6,14:11:57,17.758,17758,,,,,,
1071,846,2,6,14:12:08,17.719,17719,,,,,,
1071,830,1,7,14:12:32,17.916,17916,,,,,,
1071,815,1,7,14:12:34,18.308,18308,,,,,,
1071,1,1,7,14:12:37,17.91,17910,,,,,,
1071,822,1,7,14:12:38,17.899,17899,,,,,,
1071,844,1,7,14:12:40,17.943,17943,,,,,,
1071,832,1,7,14:12:42,18.46,18460,,,,,,
1071,20,1,7,14:12:43,18.107,18107,,,,,,
1071,842,1,7,14:12:45,19.439,19439,,,,,,
1071,839,1,7,14:12:46,19.285,19285,,,,,,
1071,817,1,7,14:12:47,19.732,19732,,,,,,
1071,4,1,7,14:12:52,17.751,17751,,,,,,
1071,840,1,7,14:12:53,17.948,17948,,,,,,
1071,841,1,7,14:12:55,17.713,17713,,,,,,
1071,853,1,7,14:12:56,17.995,17995,,,,,,
1071,854,1,7,14:12:57,17.861,17861,,,,,,
1071,849,1,7,14:12:59,18.153,18153,,,,,,
1071,8,1,7,14:13:01,18.327,18327,,,,,,
1071,847,2,7,14:13:02,20.844,20844,,,,,,
1071,852,3,7,14:13:33,17.711,17711,,,,,,
1071,846,3,7,14:13:44,17.673,17673,,,,,,
1071,830,2,8,14:14:46,17.807,17807,,,,,,
1071,815,2,8,14:14:48,18.136,18136,,,,,,
1071,1,2,8,14:14:49,18.66,18660,,,,,,
1071,822,2,8,14:14:50,17.837,17837,,,,,,
1071,844,2,8,14:14:52,17.771,17771,,,,,,
1071,832,2,8,14:14:54,18.373,18373,,,,,,
1071,20,2,8,14:14:57,17.896,17896,,,,,,
1071,842,2,8,14:14:58,18.608,18608,,,,,,
1071,839,2,8,14:15:00,17.818,17818,,,,,,
1071,817,2,8,14:15:01,18.347,18347,,,,,,
1071,4,2,8,14:15:04,17.705,17705,,,,,,
1071,840,2,8,14:15:06,17.935,17935,,,,,,
1071,841,2,8,14:15:07,17.929,17929,,,,,,
1071,853,2,8,14:15:10,18.467,18467,,,,,,
1071,854,2,8,14:15:11,18.588,18588,,,,,,
1071,849,2,8,14:15:12,18.784,18784,,,,,,
1071,8,2,8,14:15:15,18.763,18763,,,,,,
1071,847,3,8,14:15:17,18.179,18179,,,,,,
1071,852,4,8,14:15:18,18.499,18499,,,,,,
1071,846,4,8,14:15:20,19.176,19176,,,,,,
1071,854,3,11,14:20:29,41.173,41173,,,,,,
1071,849,3,13,14:23:27,22.936,22936,,,,,,
1071,840,3,22,14:34:51,24.997,24997,,,,,,
1071,842,3,25,14:38:27,23.116,23116,,,,,,
1071,1,3,26,14:39:27,22.69,22690,,,,,,
1071,832,3,26,14:39:40,23.321,23321,,,,,,
1071,830,3,27,14:40:38,22.722,22722,,,,,,
1071,844,3,27,14:40:53,22.667,22667,,,,,,
1071,815,3,28,14:42:01,23.165,23165,,,,,,
1071,20,3,28,14:42:22,24.464,24464,,,,,,
1071,8,3,28,14:42:38,23.541,23541,,,,,,
1071,841,3,29,14:43:50,23.618,23618,,,,,,
1071,822,3,30,14:44:40,23.263,23263,,,,,,
1071,854,4,29,14:44:54,25.597,25597,,,,,,
1071,817,3,30,14:44:58,22.839,22839,,,,,,
1071,839,3,30,14:45:08,23.504,23504,,,,,,
1071,4,3,34,14:50:16,24.375,24375,,,,,,
1071,853,3,34,14:50:55,23.546,23546,,,,,,
1071,846,5,37,14:54:11,24.211,24211,,,,,,
1071,852,5,39,14:56:53,35.416,35416,,,,,,
1071,849,4,39,14:57:10,22.958,22958,,,,,,
1071,830,4,40,14:57:11,22.766,22766,,,,,,
1071,822,4,41,14:58:30,22.856,22856,,,,,,
1071,847,4,41,14:59:33,23.132,23132,,,,,,
1071,815,4,42,14:59:48,22.656,22656,,,,,,
1071,841,4,42,15:00:49,22.83,22830,,,,,,
1071,1,4,43,15:00:52,22.664,22664,,,,,,
1071,842,4,51,15:11:27,23.039,23039,,,,,,
1071,844,4,52,15:12:32,23.064,23064,,,,,,
1071,8,4,52,15:13:19,22.666,22666,,,,,,
1071,832,4,53,15:13:50,22.745,22745,,,,,,
1071,20,4,55,15:16:50,22.978,22978,,,,,,
1071,854,5,61,15:26:09,24.627,24627,,,,,,
1071,815,5,69,15:33:06,22.916,22916,,,,,,
1072,840,1,9,20:48:30,27.165,27165,,,,,,
1072,847,1,9,20:48:32,20.519,20519,,,,,,
1072,1,1,10,20:49:49,20.58,20580,,,,,,
1072,822,1,10,20:49:57,21.668,21668,,,,,,
1072,844,1,10,20:50:01,20.531,20531,,,,,,
1072,815,1,10,20:50:04,20.71,20710,,,,,,
1072,846,1,10,20:50:14,20.973,20973,,,,,,
1072,4,1,10,20:50:27,20.405,20405,,,,,,
1072,849,1,10,20:50:43,24.22,24220,,,,,,
1072,830,1,13,20:58:28,16:36.4,996375,,,,,,
1072,1,2,13,20:58:32,16:35.9,995856,,,,,,
1072,822,2,13,20:58:35,16:35.9,995942,,,,,,
1072,839,1,13,20:58:37,16:37.1,997126,,,,,,
1072,817,1,13,20:58:41,16:37.0,997029,,,,,,
1072,844,2,13,20:58:42,16:39.5,999485,,,,,,
1072,842,1,13,20:58:44,16:41.8,1001775,,,,,,
1072,815,2,13,20:58:46,16:42.6,1002619,,,,,,
1072,832,1,13,20:58:47,16:44.6,1004618,,,,,,
1072,841,1,13,20:58:49,16:44.9,1004917,,,,,,
1072,852,1,13,20:58:51,16:46.4,1006407,,,,,,
1072,8,1,13,20:58:54,16:48.6,1008569,,,,,,
1072,20,1,13,20:58:56,16:52.3,1012304,,,,,,
1072,846,2,13,20:58:57,16:57.3,1017303,,,,,,
1072,4,2,13,20:59:01,16:59.9,1019850,,,,,,
1072,853,1,13,20:59:05,16:59.2,1019226,,,,,,
1072,847,2,13,20:59:08,17:01.6,1021615,,,,,,
1072,840,2,13,20:59:12,17:00.9,1020939,,,,,,
1072,849,2,13,20:59:20,16:57.3,1017257,,,,,,
1072,830,2,15,21:21:56,18:07.6,1087591,,,,,,
1072,839,2,15,21:21:58,18:08.3,1088290,,,,,,
1072,1,3,15,21:22:02,18:06.7,1086674,,,,,,
1072,817,2,15,21:22:05,18:07.3,1087296,,,,,,
1072,822,3,15,21:22:07,18:09.5,1089473,,,,,,
1072,842,2,15,21:22:09,18:12.3,1092287,,,,,,
1072,844,3,15,21:22:10,18:15.2,1095192,,,,,,
1072,841,2,15,21:22:14,18:14.7,1094749,,,,,,
1072,832,2,15,21:22:15,18:17.2,1097194,,,,,,
1072,20,2,15,21:22:20,18:18.7,1098749,,,,,,
1072,8,2,15,21:22:24,18:19.3,1099282,,,,,,
1072,852,2,15,21:22:26,18:20.6,1100644,,,,,,
1072,4,3,15,21:22:31,18:21.8,1101826,,,,,,
1072,840,3,15,21:22:33,18:23.0,1102979,,,,,,
1072,849,3,15,21:22:34,18:27.1,1107052,,,,,,
1072,846,3,15,21:22:36,18:36.6,1116576,,,,,,
1072,852,3,23,21:57:04,27.874,27874,,,,,,
1072,8,3,26,22:01:34,34.489,34489,,,,,,
1072,4,4,44,22:32:14,21.097,21097,,,,,,
1073,854,1,10,17:18:55,22.124,22124,,,,,,
1073,830,1,13,17:22:42,21.152,21152,,,,,,
1073,1,1,14,17:24:04,21.595,21595,,,,,,
1073,844,1,15,17:26:08,22.461,22461,,,,,,
1073,839,1,15,17:26:13,21.677,21677,,,,,,
1073,846,1,17,17:29:04,21.38,21380,,,,,,
1073,841,1,17,17:29:20,22.283,22283,,,,,,
1073,817,1,18,17:30:47,21.449,21449,,,,,,
1073,832,1,19,17:31:59,22.213,22213,,,,,,
1073,815,1,21,17:34:55,21.471,21471,,,,,,
1073,840,1,21,17:35:25,22.288,22288,,,,,,
1073,8,1,21,17:35:29,22.338,22338,,,,,,
1073,852,1,23,17:38:05,22.455,22455,,,,,,
1073,20,1,23,17:38:23,21.221,21221,,,,,,
1073,849,1,28,17:46:18,21.241,21241,,,,,,
1073,822,1,30,17:48:30,21.669,21669,,,,,,
1073,844,2,35,17:56:24,21.173,21173,,,,,,
1073,830,2,36,17:57:06,21.871,21871,,,,,,
1073,815,2,36,17:57:40,21.413,21413,,,,,,
1073,4,1,36,17:58:06,21.304,21304,,,,,,
1073,842,1,36,17:58:06,22.133,22133,,,,,,
1073,846,2,48,18:16:06,22.173,22173,,,,,,
1073,830,3,53,18:22:37,21.453,21453,,,,,,
1073,817,2,52,18:22:38,22.056,22056,,,,,,
1073,840,2,52,18:22:55,22.661,22661,,,,,,
1073,815,3,53,18:23:09,21.385,21385,,,,,,
1073,854,2,52,18:23:42,22.07,22070,,,,,,
1073,852,2,53,18:24:01,21.909,21909,,,,,,
1073,842,2,54,18:25:56,21.92,21920,,,,,,